reading_id,site_id,period,metric_code,value,uom,period_type,source_system,submitted_at
1003,101,2024-01,ENERGY_CONS,2814.69,MWh,M,SITE_PORTAL,2024-02-10
1006,101,2024-01,HOURS_WORKED,175221,hours,M,SAP_EHS,2024-02-19
1001,101,2024-01,SCOPE1_GHG,635.564,t,M,MANUAL_XLS,2024-02-15
1002,101,2024-01,SCOPE2_GHG,428.497,t,M,SITE_PORTAL,2024-02-12
1005,101,2024-01,WASTE_TOTAL,211.15,t,M,SAP_EHS,2024-02-13
1004,101,2024-01,WATER_WD,12716.6,m3,M,MANUAL_XLS,2024-02-10
1009,101,2024-02,ENERGY_CONS,2651.65,MWh,M,SAP_EHS,2024-03-17
1012,101,2024-02,HOURS_WORKED,178691,hours,M,SAP_EHS,2024-03-13
1007,101,2024-02,SCOPE1_GHG,600.036,t,M,SITE_PORTAL,2024-03-19
1008,101,2024-02,SCOPE2_GHG,405.443,t,M,SITE_PORTAL,2024-03-20
1011,101,2024-02,WASTE_TOTAL,183.871,t,M,MANUAL_XLS,2024-03-16
1010,101,2024-02,WATER_WD,11726.3,m3,M,MANUAL_XLS,2024-03-15
1015,101,2024-03,ENERGY_CONS,2353.71,MWh,M,SAP_EHS,2024-04-16
1018,101,2024-03,HOURS_WORKED,180424,hours,M,SAP_EHS,2024-04-20
1013,101,2024-03,SCOPE1_GHG,521.831,t,M,SITE_PORTAL,2024-04-15
1014,101,2024-03,SCOPE2_GHG,396.139,t,M,MANUAL_XLS,2024-04-18
1017,101,2024-03,WASTE_TOTAL,175.558,t,M,SITE_PORTAL,2024-04-18
1016,101,2024-03,WATER_WD,12835.3,m3,M,SITE_PORTAL,2024-04-17
1021,101,2024-04,ENERGY_CONS,2127.18,MWh,M,MANUAL_XLS,2024-05-13
1024,101,2024-04,HOURS_WORKED,179077,hours,M,SAP_EHS,2024-05-12
1019,101,2024-04,SCOPE1_GHG,456.297,t,M,SAP_EHS,2024-05-12
1020,101,2024-04,SCOPE2_GHG,381.474,t,M,SAP_EHS,2024-05-18
1023,101,2024-04,WASTE_TOTAL,156.567,t,M,SAP_EHS,2024-05-18
1022,101,2024-04,WATER_WD,9975.9,m3,M,MANUAL_XLS,2024-05-14
1027,101,2024-05,ENERGY_CONS,2004.28,MWh,M,MANUAL_XLS,2024-06-19
1030,101,2024-05,HOURS_WORKED,181308,hours,M,SAP_EHS,2024-06-15
1025,101,2024-05,SCOPE1_GHG,472.115,t,M,MANUAL_XLS,2024-06-08
1026,101,2024-05,SCOPE2_GHG,345.668,t,M,SAP_EHS,2024-06-09
1029,101,2024-05,WASTE_TOTAL,144.338,t,M,MANUAL_XLS,2024-06-09
1028,101,2024-05,WATER_WD,10553.9,m3,M,SITE_PORTAL,2024-06-08
1033,101,2024-06,ENERGY_CONS,2044.78,MWh,M,SAP_EHS,2024-07-15
1036,101,2024-06,HOURS_WORKED,169796,hours,M,SAP_EHS,2024-07-08
1031,101,2024-06,SCOPE1_GHG,415.581,t,M,MANUAL_XLS,2024-07-11
1032,101,2024-06,SCOPE2_GHG,340.684,t,M,SAP_EHS,2024-07-17
1035,101,2024-06,WASTE_TOTAL,155.945,t,M,MANUAL_XLS,2024-07-13
1034,101,2024-06,WATER_WD,9865.22,m3,M,MANUAL_XLS,2024-07-19
1039,101,2024-07,ENERGY_CONS,1824.65,MWh,M,MANUAL_XLS,2024-08-13
1042,101,2024-07,HOURS_WORKED,177417,hours,M,SAP_EHS,2024-08-11
1037,101,2024-07,SCOPE1_GHG,460.275,t,M,SITE_PORTAL,2024-08-16
1038,101,2024-07,SCOPE2_GHG,350.183,t,M,MANUAL_XLS,2024-08-12
1041,101,2024-07,WASTE_TOTAL,141.403,t,M,SAP_EHS,2024-08-08
1040,101,2024-07,WATER_WD,10416.9,m3,M,SAP_EHS,2024-08-14
1045,101,2024-08,ENERGY_CONS,2007.54,MWh,M,SAP_EHS,2024-09-16
1048,101,2024-08,HOURS_WORKED,179424,hours,M,SAP_EHS,2024-09-12
1043,101,2024-08,SCOPE1_GHG,426.672,t,M,MANUAL_XLS,2024-09-16
1044,101,2024-08,SCOPE2_GHG,303.583,t,M,SAP_EHS,2024-09-11
1047,101,2024-08,WASTE_TOTAL,151.038,t,M,MANUAL_XLS,2024-09-16
1046,101,2024-08,WATER_WD,10173.6,m3,M,SITE_PORTAL,2024-09-10
1051,101,2024-09,ENERGY_CONS,2107.99,MWh,M,SITE_PORTAL,2024-10-16
1054,101,2024-09,HOURS_WORKED,171694,hours,M,SAP_EHS,2024-10-10
1049,101,2024-09,SCOPE1_GHG,443.781,t,M,SITE_PORTAL,2024-10-18
1050,101,2024-09,SCOPE2_GHG,331.973,t,M,SITE_PORTAL,2024-10-18
1053,101,2024-09,WASTE_TOTAL,145.333,t,M,MANUAL_XLS,2024-10-11
1052,101,2024-09,WATER_WD,11043.6,m3,M,MANUAL_XLS,2024-10-09
1057,101,2024-10,ENERGY_CONS,2273.91,MWh,M,SAP_EHS,2024-11-13
1060,101,2024-10,HOURS_WORKED,167104,hours,M,SAP_EHS,2024-11-13
1055,101,2024-10,SCOPE1_GHG,498.413,t,M,MANUAL_XLS,2024-11-20
1056,101,2024-10,SCOPE2_GHG,374.315,t,M,MANUAL_XLS,2024-11-13
1059,101,2024-10,WASTE_TOTAL,167.436,t,M,SAP_EHS,2024-11-16
1058,101,2024-10,WATER_WD,12807.4,m3,M,SAP_EHS,2024-11-14
1063,101,2024-11,ENERGY_CONS,2499.39,MWh,M,MANUAL_XLS,2024-12-11
1066,101,2024-11,HOURS_WORKED,168198,hours,M,SAP_EHS,2024-12-19
1061,101,2024-11,SCOPE1_GHG,505.829,t,M,SITE_PORTAL,2024-12-15
1062,101,2024-11,SCOPE2_GHG,372.822,t,M,SITE_PORTAL,2024-12-12
1065,101,2024-11,WASTE_TOTAL,172.723,t,M,SAP_EHS,2024-12-16
1064,101,2024-11,WATER_WD,12098.6,m3,M,MANUAL_XLS,2024-12-11
1069,101,2024-12,ENERGY_CONS,2542.47,MWh,M,MANUAL_XLS,2025-01-11
1072,101,2024-12,HOURS_WORKED,178563,hours,M,SAP_EHS,2025-01-12
1067,101,2024-12,SCOPE1_GHG,636.671,t,M,MANUAL_XLS,2025-01-18
1068,101,2024-12,SCOPE2_GHG,433.727,t,M,SAP_EHS,2025-01-15
1071,101,2024-12,WASTE_TOTAL,208.646,t,M,SITE_PORTAL,2025-01-10
1070,101,2024-12,WATER_WD,14368,m3,M,MANUAL_XLS,2025-01-15
1075,101,2025-01,ENERGY_CONS,2388.84,MWh,M,MANUAL_XLS,2025-02-15
1078,101,2025-01,HOURS_WORKED,167356,hours,M,SAP_EHS,2025-02-12
1073,101,2025-01,SCOPE1_GHG,606.343,t,M,MANUAL_XLS,2025-02-18
2667,101,2025-01,SCOPE1_GHG,685.944,t,M,MANUAL_XLS,2025-04-04
1074,101,2025-01,SCOPE2_GHG,401.426,t,M,SAP_EHS,2025-02-10
2668,101,2025-01,SCOPE2_GHG,438.718,t,M,MANUAL_XLS,2025-03-27
1077,101,2025-01,WASTE_TOTAL,168.198,t,M,MANUAL_XLS,2025-02-16
1076,101,2025-01,WATER_WD,13507.2,m3,M,SITE_PORTAL,2025-02-15
1081,101,2025-02,ENERGY_CONS,2285.29,MWh,M,MANUAL_XLS,2025-03-20
1084,101,2025-02,HOURS_WORKED,176326,hours,M,SAP_EHS,2025-03-12
1079,101,2025-02,SCOPE1_GHG,568.86,t,M,MANUAL_XLS,2025-03-18
2669,101,2025-02,SCOPE1_GHG,620.195,t,M,MANUAL_XLS,2025-05-02
1080,101,2025-02,SCOPE2_GHG,370.988,t,M,SAP_EHS,2025-03-08
2670,101,2025-02,SCOPE2_GHG,446.221,t,M,MANUAL_XLS,2025-04-22
1083,101,2025-02,WASTE_TOTAL,188.397,t,M,MANUAL_XLS,2025-03-10
1082,101,2025-02,WATER_WD,11215.5,m3,M,MANUAL_XLS,2025-03-18
1087,101,2025-03,ENERGY_CONS,2225.29,MWh,M,MANUAL_XLS,2025-04-10
1090,101,2025-03,HOURS_WORKED,167862,hours,M,SAP_EHS,2025-04-18
1085,101,2025-03,SCOPE1_GHG,475.191,t,M,SAP_EHS,2025-04-09
2671,101,2025-03,SCOPE1_GHG,571.248,t,M,MANUAL_XLS,2025-05-24
1086,101,2025-03,SCOPE2_GHG,382.452,t,M,SAP_EHS,2025-04-15
2672,101,2025-03,SCOPE2_GHG,465.986,t,M,MANUAL_XLS,2025-05-30
1089,101,2025-03,WASTE_TOTAL,159.321,t,M,SITE_PORTAL,2025-04-12
1088,101,2025-03,WATER_WD,11412.1,m3,M,SITE_PORTAL,2025-04-09
1093,101,2025-04,ENERGY_CONS,1922.04,MWh,M,SAP_EHS,2025-05-13
1096,101,2025-04,HOURS_WORKED,175515,hours,M,SAP_EHS,2025-05-10
1091,101,2025-04,SCOPE1_GHG,474.264,t,M,MANUAL_XLS,2025-05-19
1092,101,2025-04,SCOPE2_GHG,351.926,t,M,SITE_PORTAL,2025-05-18
1095,101,2025-04,WASTE_TOTAL,155.81,t,M,SITE_PORTAL,2025-05-17
1094,101,2025-04,WATER_WD,10067.8,m3,M,SITE_PORTAL,2025-05-20
1099,101,2025-05,ENERGY_CONS,2086.32,MWh,M,SITE_PORTAL,2025-06-18
1102,101,2025-05,HOURS_WORKED,177738,hours,M,SAP_EHS,2025-06-16
1097,101,2025-05,SCOPE1_GHG,430.707,t,M,SITE_PORTAL,2025-06-11
1098,101,2025-05,SCOPE2_GHG,349.907,t,M,SITE_PORTAL,2025-06-16
1101,101,2025-05,WASTE_TOTAL,144.233,t,M,SAP_EHS,2025-06-15
1100,101,2025-05,WATER_WD,9520.04,m3,M,SITE_PORTAL,2025-06-08
1105,101,2025-06,ENERGY_CONS,1967.6,MWh,M,SAP_EHS,2025-07-12
1108,101,2025-06,HOURS_WORKED,180512,hours,M,SAP_EHS,2025-07-12
1103,101,2025-06,SCOPE1_GHG,405.606,t,M,MANUAL_XLS,2025-07-17
1104,101,2025-06,SCOPE2_GHG,290.992,t,M,MANUAL_XLS,2025-07-11
1107,101,2025-06,WASTE_TOTAL,154.599,t,M,SITE_PORTAL,2025-07-20
1106,101,2025-06,WATER_WD,9774.64,m3,M,SITE_PORTAL,2025-07-18
1111,101,2025-07,ENERGY_CONS,2012.84,MWh,M,SITE_PORTAL,2025-08-18
1114,101,2025-07,HOURS_WORKED,169731,hours,M,SAP_EHS,2025-08-08
1109,101,2025-07,SCOPE1_GHG,424.73,t,M,MANUAL_XLS,2025-08-09
1110,101,2025-07,SCOPE2_GHG,287.686,t,M,MANUAL_XLS,2025-08-19
1113,101,2025-07,WASTE_TOTAL,130.08,t,M,SAP_EHS,2025-08-10
1112,101,2025-07,WATER_WD,9573.94,m3,M,SITE_PORTAL,2025-08-13
1117,101,2025-08,ENERGY_CONS,1954.3,MWh,M,SITE_PORTAL,2025-09-20
1120,101,2025-08,HOURS_WORKED,172407,hours,M,SAP_EHS,2025-09-13
1115,101,2025-08,SCOPE1_GHG,377.888,t,M,SITE_PORTAL,2025-09-15
1116,101,2025-08,SCOPE2_GHG,307.948,t,M,SAP_EHS,2025-09-10
1119,101,2025-08,WASTE_TOTAL,134.436,t,M,SITE_PORTAL,2025-09-15
1118,101,2025-08,WATER_WD,10114.8,m3,M,MANUAL_XLS,2025-09-14
1123,101,2025-09,ENERGY_CONS,2047.68,MWh,M,SAP_EHS,2025-10-11
1126,101,2025-09,HOURS_WORKED,168941,hours,M,SAP_EHS,2025-10-17
1121,101,2025-09,SCOPE1_GHG,460.545,t,M,SAP_EHS,2025-10-13
1122,101,2025-09,SCOPE2_GHG,327.705,t,M,MANUAL_XLS,2025-10-17
1125,101,2025-09,WASTE_TOTAL,138.532,t,M,SAP_EHS,2025-10-09
1124,101,2025-09,WATER_WD,10494.5,m3,M,MANUAL_XLS,2025-10-08
1129,101,2025-10,ENERGY_CONS,2280.88,MWh,M,SITE_PORTAL,2025-11-10
1132,101,2025-10,HOURS_WORKED,166241,hours,M,SAP_EHS,2025-11-11
1127,101,2025-10,SCOPE1_GHG,510.118,t,M,SITE_PORTAL,2025-11-16
1128,101,2025-10,SCOPE2_GHG,337.535,t,M,SAP_EHS,2025-11-09
1131,101,2025-10,WASTE_TOTAL,178.278,t,M,SITE_PORTAL,2025-11-17
1130,101,2025-10,WATER_WD,11140.6,m3,M,SAP_EHS,2025-11-16
1135,101,2025-11,ENERGY_CONS,2245.59,MWh,M,MANUAL_XLS,2025-12-14
1138,101,2025-11,HOURS_WORKED,169608,hours,M,SAP_EHS,2025-12-11
1133,101,2025-11,SCOPE1_GHG,540.167,t,M,MANUAL_XLS,2025-12-15
1134,101,2025-11,SCOPE2_GHG,354.277,t,M,SITE_PORTAL,2025-12-20
1137,101,2025-11,WASTE_TOTAL,157.12,t,M,MANUAL_XLS,2025-12-16
1136,101,2025-11,WATER_WD,11258.1,m3,M,SITE_PORTAL,2025-12-13
1141,101,2025-12,ENERGY_CONS,2514.42,MWh,M,SAP_EHS,2026-01-20
1144,101,2025-12,HOURS_WORKED,178188,hours,M,SAP_EHS,2026-01-09
1139,101,2025-12,SCOPE1_GHG,510.323,t,M,MANUAL_XLS,2026-01-17
1140,101,2025-12,SCOPE2_GHG,413.372,t,M,SAP_EHS,2026-01-20
1143,101,2025-12,WASTE_TOTAL,190.842,t,M,SAP_EHS,2026-01-16
1142,101,2025-12,WATER_WD,13102,m3,M,SITE_PORTAL,2026-01-12
1147,102,2024-01,ENERGY_CONS,1822.73,MWh,M,SAP_EHS,2024-02-13
1150,102,2024-01,HOURS_WORKED,120894,hours,M,SAP_EHS,2024-02-20
1145,102,2024-01,SCOPE1_GHG,447.121,t,M,SAP_EHS,2024-02-10
1146,102,2024-01,SCOPE2_GHG,319.247,t,M,SAP_EHS,2024-02-14
1149,102,2024-01,WASTE_TOTAL,142.369,t,M,MANUAL_XLS,2024-02-20
1148,102,2024-01,WATER_WD,9.25334e+06,l,M,MANUAL_XLS,2024-02-08
1153,102,2024-02,ENERGY_CONS,1898.49,MWh,M,SITE_PORTAL,2024-03-10
1156,102,2024-02,HOURS_WORKED,128703,hours,M,SAP_EHS,2024-03-08
1151,102,2024-02,SCOPE1_GHG,413.948,t,M,SAP_EHS,2024-03-10
1152,102,2024-02,SCOPE2_GHG,288.425,t,M,MANUAL_XLS,2024-03-12
1155,102,2024-02,WASTE_TOTAL,142.256,t,M,SAP_EHS,2024-03-15
1154,102,2024-02,WATER_WD,8.51465e+06,l,M,SAP_EHS,2024-03-20
1159,102,2024-03,ENERGY_CONS,1804.32,MWh,M,SITE_PORTAL,2024-04-13
1162,102,2024-03,HOURS_WORKED,124465,hours,M,SAP_EHS,2024-04-11
1157,102,2024-03,SCOPE1_GHG,387.718,t,M,MANUAL_XLS,2024-04-12
1158,102,2024-03,SCOPE2_GHG,300.986,t,M,SAP_EHS,2024-04-13
1161,102,2024-03,WASTE_TOTAL,113.707,t,M,SITE_PORTAL,2024-04-17
1160,102,2024-03,WATER_WD,8.26758e+06,l,M,SITE_PORTAL,2024-04-19
1165,102,2024-04,ENERGY_CONS,1502.78,MWh,M,SAP_EHS,2024-05-13
1168,102,2024-04,HOURS_WORKED,126173,hours,M,SAP_EHS,2024-05-15
1163,102,2024-04,SCOPE1_GHG,322.741,t,M,MANUAL_XLS,2024-05-08
1164,102,2024-04,SCOPE2_GHG,270.988,t,M,SAP_EHS,2024-05-18
1167,102,2024-04,WASTE_TOTAL,125.138,t,M,SITE_PORTAL,2024-05-14
1166,102,2024-04,WATER_WD,7.47232e+06,l,M,SITE_PORTAL,2024-05-09
1171,102,2024-05,ENERGY_CONS,1479.85,MWh,M,SAP_EHS,2024-06-16
1174,102,2024-05,HOURS_WORKED,120351,hours,M,SAP_EHS,2024-06-17
1169,102,2024-05,SCOPE1_GHG,307.526,t,M,SAP_EHS,2024-06-20
1170,102,2024-05,SCOPE2_GHG,224.882,t,M,MANUAL_XLS,2024-06-17
1173,102,2024-05,WASTE_TOTAL,103.131,t,M,SAP_EHS,2024-06-09
1172,102,2024-05,WATER_WD,7.49428e+06,l,M,MANUAL_XLS,2024-06-17
1177,102,2024-06,ENERGY_CONS,1370.21,MWh,M,SITE_PORTAL,2024-07-13
1180,102,2024-06,HOURS_WORKED,122458,hours,M,SAP_EHS,2024-07-18
1175,102,2024-06,SCOPE1_GHG,318.549,t,M,SITE_PORTAL,2024-07-15
1176,102,2024-06,SCOPE2_GHG,223.776,t,M,MANUAL_XLS,2024-07-13
1179,102,2024-06,WASTE_TOTAL,104.836,t,M,SITE_PORTAL,2024-07-15
1178,102,2024-06,WATER_WD,7.95914e+06,l,M,MANUAL_XLS,2024-07-11
1183,102,2024-07,ENERGY_CONS,1439.2,MWh,M,MANUAL_XLS,2024-08-18
1186,102,2024-07,HOURS_WORKED,128688,hours,M,SAP_EHS,2024-08-08
1181,102,2024-07,SCOPE1_GHG,285.603,t,M,MANUAL_XLS,2024-08-17
1182,102,2024-07,SCOPE2_GHG,244.541,t,M,MANUAL_XLS,2024-08-10
1185,102,2024-07,WASTE_TOTAL,,t,M,SAP_EHS,2024-08-15
1184,102,2024-07,WATER_WD,7.03131e+06,l,M,MANUAL_XLS,2024-08-14
1189,102,2024-08,ENERGY_CONS,1371.6,MWh,M,SAP_EHS,2024-09-13
1192,102,2024-08,HOURS_WORKED,119888,hours,M,SAP_EHS,2024-09-09
1187,102,2024-08,SCOPE1_GHG,282.523,t,M,SAP_EHS,2024-09-14
1188,102,2024-08,SCOPE2_GHG,217.592,t,M,MANUAL_XLS,2024-09-14
1191,102,2024-08,WASTE_TOTAL,106.215,t,M,MANUAL_XLS,2024-09-08
1190,102,2024-08,WATER_WD,6.96093e+06,l,M,SAP_EHS,2024-09-20
1195,102,2024-09,ENERGY_CONS,1569.86,MWh,M,SAP_EHS,2024-10-11
1198,102,2024-09,HOURS_WORKED,126794,hours,M,SAP_EHS,2024-10-12
1193,102,2024-09,SCOPE1_GHG,346.623,t,M,MANUAL_XLS,2024-10-12
1194,102,2024-09,SCOPE2_GHG,270.256,t,M,SITE_PORTAL,2024-10-17
1197,102,2024-09,WASTE_TOTAL,114.099,t,M,SAP_EHS,2024-10-10
1196,102,2024-09,WATER_WD,7.54403e+06,l,M,MANUAL_XLS,2024-10-18
1201,102,2024-10,ENERGY_CONS,1645.11,MWh,M,SITE_PORTAL,2024-11-14
1204,102,2024-10,HOURS_WORKED,120535,hours,M,SAP_EHS,2024-11-15
1199,102,2024-10,SCOPE1_GHG,400.273,t,M,SAP_EHS,2024-11-12
1200,102,2024-10,SCOPE2_GHG,245.612,t,M,SITE_PORTAL,2024-11-14
1203,102,2024-10,WASTE_TOTAL,122.081,t,M,SITE_PORTAL,2024-11-15
1202,102,2024-10,WATER_WD,8.00942e+06,l,M,SITE_PORTAL,2024-11-10
1207,102,2024-11,ENERGY_CONS,1649.71,MWh,M,MANUAL_XLS,2024-12-14
1210,102,2024-11,HOURS_WORKED,122677,hours,M,SAP_EHS,2024-12-14
1205,102,2024-11,SCOPE1_GHG,405.15,t,M,MANUAL_XLS,2024-12-13
1206,102,2024-11,SCOPE2_GHG,289.327,t,M,MANUAL_XLS,2024-12-15
1209,102,2024-11,WASTE_TOTAL,126.55,t,M,SAP_EHS,2024-12-10
1208,102,2024-11,WATER_WD,8.62876e+06,l,M,SAP_EHS,2024-12-13
1213,102,2024-12,ENERGY_CONS,1959.78,MWh,M,SITE_PORTAL,2025-01-18
1216,102,2024-12,HOURS_WORKED,117965,hours,M,SAP_EHS,2025-01-19
1211,102,2024-12,SCOPE1_GHG,415.519,t,M,SAP_EHS,2025-01-09
1212,102,2024-12,SCOPE2_GHG,275.138,t,M,SITE_PORTAL,2025-01-18
1215,102,2024-12,WASTE_TOTAL,125.019,t,M,MANUAL_XLS,2025-01-19
1214,102,2024-12,WATER_WD,8.49127e+06,l,M,SAP_EHS,2025-01-16
1219,102,2025-01,ENERGY_CONS,1862.57,MWh,M,MANUAL_XLS,2025-02-12
1222,102,2025-01,HOURS_WORKED,129154,hours,M,SAP_EHS,2025-02-18
1217,102,2025-01,SCOPE1_GHG,369.025,t,M,SAP_EHS,2025-02-10
1218,102,2025-01,SCOPE2_GHG,270.197,t,M,SAP_EHS,2025-02-13
1221,102,2025-01,WASTE_TOTAL,140.619,t,M,MANUAL_XLS,2025-02-20
1220,102,2025-01,WATER_WD,9.67429e+06,l,M,SITE_PORTAL,2025-02-20
1225,102,2025-02,ENERGY_CONS,1816.92,MWh,M,MANUAL_XLS,2025-03-13
1228,102,2025-02,HOURS_WORKED,126709,hours,M,SAP_EHS,2025-03-13
1223,102,2025-02,SCOPE1_GHG,373.734,t,M,SAP_EHS,2025-03-09
1224,102,2025-02,SCOPE2_GHG,301.995,t,M,SITE_PORTAL,2025-03-20
1227,102,2025-02,WASTE_TOTAL,120.259,t,M,SITE_PORTAL,2025-03-17
1226,102,2025-02,WATER_WD,9.132e+06,l,M,SAP_EHS,2025-03-19
1231,102,2025-03,ENERGY_CONS,1689.6,MWh,M,SITE_PORTAL,2025-04-17
1234,102,2025-03,HOURS_WORKED,127144,hours,M,SAP_EHS,2025-04-12
1229,102,2025-03,SCOPE1_GHG,361.982,t,M,MANUAL_XLS,2025-04-12
1230,102,2025-03,SCOPE2_GHG,278.927,t,M,MANUAL_XLS,2025-04-08
1233,102,2025-03,WASTE_TOTAL,111.776,t,M,SAP_EHS,2025-04-08
1232,102,2025-03,WATER_WD,8.53163e+06,l,M,SITE_PORTAL,2025-04-08
1237,102,2025-04,ENERGY_CONS,1535.47,MWh,M,MANUAL_XLS,2025-05-09
1240,102,2025-04,HOURS_WORKED,123723,hours,M,SAP_EHS,2025-05-20
1235,102,2025-04,SCOPE1_GHG,338.326,t,M,SITE_PORTAL,2025-05-20
1236,102,2025-04,SCOPE2_GHG,240.1,t,M,SITE_PORTAL,2025-05-16
1239,102,2025-04,WASTE_TOTAL,104.592,t,M,SAP_EHS,2025-05-17
1238,102,2025-04,WATER_WD,6.8031e+06,l,M,SITE_PORTAL,2025-05-15
1243,102,2025-05,ENERGY_CONS,1401.46,MWh,M,SAP_EHS,2025-06-17
1246,102,2025-05,HOURS_WORKED,117594,hours,M,SAP_EHS,2025-06-11
1241,102,2025-05,SCOPE1_GHG,294.636,t,M,MANUAL_XLS,2025-06-17
1242,102,2025-05,SCOPE2_GHG,218.554,t,M,SAP_EHS,2025-06-20
1245,102,2025-05,WASTE_TOTAL,111.605,t,M,SITE_PORTAL,2025-06-11
1244,102,2025-05,WATER_WD,6.49257e+06,l,M,MANUAL_XLS,2025-06-13
1249,102,2025-06,ENERGY_CONS,1281.96,MWh,M,MANUAL_XLS,2025-07-08
1252,102,2025-06,HOURS_WORKED,124203,hours,M,SAP_EHS,2025-07-19
1247,102,2025-06,SCOPE1_GHG,311.919,t,M,SITE_PORTAL,2025-07-15
1248,102,2025-06,SCOPE2_GHG,209.54,t,M,SAP_EHS,2025-07-19
1251,102,2025-06,WASTE_TOTAL,91.024,t,M,SAP_EHS,2025-07-11
1250,102,2025-06,WATER_WD,7.04639e+06,l,M,SAP_EHS,2025-07-19
1255,102,2025-07,ENERGY_CONS,1304.94,MWh,M,SITE_PORTAL,2025-08-16
1258,102,2025-07,HOURS_WORKED,123270,hours,M,SAP_EHS,2025-08-14
1253,102,2025-07,SCOPE1_GHG,301.808,t,M,SITE_PORTAL,2025-08-13
1254,102,2025-07,SCOPE2_GHG,198.534,t,M,SAP_EHS,2025-08-11
1257,102,2025-07,WASTE_TOTAL,96.723,t,M,SITE_PORTAL,2025-08-08
1256,102,2025-07,WATER_WD,6.21268e+06,l,M,MANUAL_XLS,2025-08-11
1261,102,2025-08,ENERGY_CONS,1383.67,MWh,M,MANUAL_XLS,2025-09-14
1264,102,2025-08,HOURS_WORKED,121069,hours,M,SAP_EHS,2025-09-16
1259,102,2025-08,SCOPE1_GHG,315.624,t,M,SAP_EHS,2025-09-18
1260,102,2025-08,SCOPE2_GHG,227.891,t,M,MANUAL_XLS,2025-09-08
1263,102,2025-08,WASTE_TOTAL,90.252,t,M,MANUAL_XLS,2025-09-19
1262,102,2025-08,WATER_WD,6.68644e+06,l,M,MANUAL_XLS,2025-09-16
1267,102,2025-09,ENERGY_CONS,1364.52,MWh,M,SAP_EHS,2025-10-14
1270,102,2025-09,HOURS_WORKED,122205,hours,M,SAP_EHS,2025-10-15
1265,102,2025-09,SCOPE1_GHG,336.837,t,M,MANUAL_XLS,2025-10-08
1266,102,2025-09,SCOPE2_GHG,227.891,t,M,SAP_EHS,2025-10-10
1269,102,2025-09,WASTE_TOTAL,114.183,t,M,SAP_EHS,2025-10-08
1268,102,2025-09,WATER_WD,6.56764e+06,l,M,MANUAL_XLS,2025-10-10
1273,102,2025-10,ENERGY_CONS,1608.78,MWh,M,MANUAL_XLS,2025-11-17
1276,102,2025-10,HOURS_WORKED,121591,hours,M,SAP_EHS,2025-11-12
1271,102,2025-10,SCOPE1_GHG,323.539,t,M,SITE_PORTAL,2025-11-16
1272,102,2025-10,SCOPE2_GHG,237.981,t,M,SITE_PORTAL,2025-11-15
1275,102,2025-10,WASTE_TOTAL,122.722,t,M,SITE_PORTAL,2025-11-12
1274,102,2025-10,WATER_WD,7.99459e+06,l,M,SITE_PORTAL,2025-11-16
1279,102,2025-11,ENERGY_CONS,1759.47,MWh,M,MANUAL_XLS,2025-12-15
1282,102,2025-11,HOURS_WORKED,126072,hours,M,SAP_EHS,2025-12-15
1277,102,2025-11,SCOPE1_GHG,381.818,t,M,SAP_EHS,2025-12-16
1278,102,2025-11,SCOPE2_GHG,259.645,t,M,MANUAL_XLS,2025-12-10
1281,102,2025-11,WASTE_TOTAL,134.492,t,M,MANUAL_XLS,2025-12-12
1280,102,2025-11,WATER_WD,7.52709e+06,l,M,SAP_EHS,2025-12-08
1285,102,2025-12,ENERGY_CONS,1694.73,MWh,M,MANUAL_XLS,2026-01-14
1288,102,2025-12,HOURS_WORKED,120237,hours,M,SAP_EHS,2026-01-18
1283,102,2025-12,SCOPE1_GHG,375.461,t,M,SITE_PORTAL,2026-01-15
1284,102,2025-12,SCOPE2_GHG,315.284,t,M,SAP_EHS,2026-01-10
1287,102,2025-12,WASTE_TOTAL,136.626,t,M,MANUAL_XLS,2026-01-08
1286,102,2025-12,WATER_WD,8.3807e+06,l,M,SAP_EHS,2026-01-08
1291,103,2024-01,ENERGY_CONS,1278.22,MWh,M,MANUAL_XLS,2024-02-19
1294,103,2024-01,HOURS_WORKED,97236.4,hours,M,SAP_EHS,2024-02-15
1289,103,2024-01,SCOPE1_GHG,335.164,t,M,SITE_PORTAL,2024-02-16
1290,103,2024-01,SCOPE2_GHG,247.593,t,M,MANUAL_XLS,2024-02-14
1293,103,2024-01,WASTE_TOTAL,96.514,t,M,SAP_EHS,2024-02-08
1292,103,2024-01,WATER_WD,6554.18,m3,M,SITE_PORTAL,2024-02-08
1297,103,2024-02,ENERGY_CONS,1352.22,MWh,M,SITE_PORTAL,2024-03-11
1300,103,2024-02,HOURS_WORKED,93855.7,hours,M,SAP_EHS,2024-03-10
1295,103,2024-02,SCOPE1_GHG,292.616,t,M,SAP_EHS,2024-03-18
1296,103,2024-02,SCOPE2_GHG,232.916,t,M,SAP_EHS,2024-03-13
1299,103,2024-02,WASTE_TOTAL,110.468,t,M,SITE_PORTAL,2024-03-18
1298,103,2024-02,WATER_WD,6690.47,m3,M,SAP_EHS,2024-03-09
1303,103,2024-03,ENERGY_CONS,1287.06,MWh,M,MANUAL_XLS,2024-04-08
1306,103,2024-03,HOURS_WORKED,95920.8,hours,M,SAP_EHS,2024-04-17
1301,103,2024-03,SCOPE1_GHG,298.517,t,M,SAP_EHS,2024-04-15
1302,103,2024-03,SCOPE2_GHG,205.597,t,M,SITE_PORTAL,2024-04-08
1305,103,2024-03,WASTE_TOTAL,90.174,t,M,MANUAL_XLS,2024-04-13
1304,103,2024-03,WATER_WD,5925.28,m3,M,SAP_EHS,2024-04-16
1309,103,2024-04,ENERGY_CONS,1255.13,MWh,M,SITE_PORTAL,2024-05-08
1312,103,2024-04,HOURS_WORKED,92949.7,hours,M,SAP_EHS,2024-05-10
1307,103,2024-04,SCOPE1_GHG,257.301,t,M,MANUAL_XLS,2024-05-12
1308,103,2024-04,SCOPE2_GHG,198.41,t,M,MANUAL_XLS,2024-05-08
1311,103,2024-04,WASTE_TOTAL,91.772,t,M,SAP_EHS,2024-05-12
1310,103,2024-04,WATER_WD,5711.49,m3,M,MANUAL_XLS,2024-05-08
1315,103,2024-05,ENERGY_CONS,1140.8,MWh,M,SAP_EHS,2024-06-15
1318,103,2024-05,HOURS_WORKED,91512.8,hours,M,SAP_EHS,2024-06-08
1313,103,2024-05,SCOPE1_GHG,235.741,t,M,SITE_PORTAL,2024-06-09
1314,103,2024-05,SCOPE2_GHG,165.919,t,M,MANUAL_XLS,2024-06-09
1317,103,2024-05,WASTE_TOTAL,75.997,t,M,SAP_EHS,2024-06-08
1316,103,2024-05,WATER_WD,5531.57,m3,M,MANUAL_XLS,2024-06-15
1321,103,2024-06,ENERGY_CONS,1042.78,MWh,M,MANUAL_XLS,2024-07-10
1324,103,2024-06,HOURS_WORKED,90570.9,hours,M,SAP_EHS,2024-07-13
1319,103,2024-06,SCOPE1_GHG,252.363,t,M,SITE_PORTAL,2024-07-17
1320,103,2024-06,SCOPE2_GHG,169.712,t,M,SITE_PORTAL,2024-07-18
1323,103,2024-06,WASTE_TOTAL,81.878,t,M,MANUAL_XLS,2024-07-15
1322,103,2024-06,WATER_WD,5357.07,m3,M,SAP_EHS,2024-07-13
1327,103,2024-07,ENERGY_CONS,1107.74,MWh,M,SAP_EHS,2024-08-13
1330,103,2024-07,HOURS_WORKED,95415.7,hours,M,SAP_EHS,2024-08-20
1325,103,2024-07,SCOPE1_GHG,238.57,t,M,SITE_PORTAL,2024-08-17
1326,103,2024-07,SCOPE2_GHG,169.27,t,M,MANUAL_XLS,2024-08-20
1329,103,2024-07,WASTE_TOTAL,80.054,t,M,SITE_PORTAL,2024-08-17
1328,103,2024-07,WATER_WD,5861.52,m3,M,MANUAL_XLS,2024-08-12
1333,103,2024-08,ENERGY_CONS,1017.75,MWh,M,SAP_EHS,2024-09-14
1336,103,2024-08,HOURS_WORKED,95462.6,hours,M,SAP_EHS,2024-09-16
1331,103,2024-08,SCOPE1_GHG,237.614,t,M,SITE_PORTAL,2024-09-16
1332,103,2024-08,SCOPE2_GHG,173.382,t,M,MANUAL_XLS,2024-09-15
1335,103,2024-08,WASTE_TOTAL,79.034,t,M,SAP_EHS,2024-09-09
1334,103,2024-08,WATER_WD,5643.42,m3,M,SAP_EHS,2024-09-16
1339,103,2024-09,ENERGY_CONS,1013,MWh,M,MANUAL_XLS,2024-10-13
1342,103,2024-09,HOURS_WORKED,92052.5,hours,M,SAP_EHS,2024-10-13
1337,103,2024-09,SCOPE1_GHG,246.481,t,M,SITE_PORTAL,2024-10-20
1338,103,2024-09,SCOPE2_GHG,N/A,t,M,MANUAL_XLS,2024-10-12
1341,103,2024-09,WASTE_TOTAL,81.263,t,M,MANUAL_XLS,2024-10-18
1340,103,2024-09,WATER_WD,5558.88,m3,M,SAP_EHS,2024-10-12
1345,103,2024-10,ENERGY_CONS,1293.77,MWh,M,SITE_PORTAL,2024-11-20
1348,103,2024-10,HOURS_WORKED,94682.6,hours,M,SAP_EHS,2024-11-13
1343,103,2024-10,SCOPE1_GHG,260.391,t,M,SAP_EHS,2024-11-20
1344,103,2024-10,SCOPE2_GHG,214.132,t,M,SAP_EHS,2024-11-08
1347,103,2024-10,WASTE_TOTAL,86.787,t,M,MANUAL_XLS,2024-11-17
1346,103,2024-10,WATER_WD,5916.93,m3,M,SAP_EHS,2024-11-12
1351,103,2024-11,ENERGY_CONS,1299.84,MWh,M,MANUAL_XLS,2024-12-20
1354,103,2024-11,HOURS_WORKED,91404.8,hours,M,SAP_EHS,2024-12-15
1349,103,2024-11,SCOPE1_GHG,280.922,t,M,MANUAL_XLS,2024-12-10
1350,103,2024-11,SCOPE2_GHG,212.482,t,M,SAP_EHS,2024-12-20
1353,103,2024-11,WASTE_TOTAL,101.999,t,M,SAP_EHS,2024-12-12
1352,103,2024-11,WATER_WD,6688.12,m3,M,SITE_PORTAL,2024-12-09
1357,103,2024-12,ENERGY_CONS,1331.79,MWh,M,SITE_PORTAL,2025-01-15
1360,103,2024-12,HOURS_WORKED,93004.9,hours,M,SAP_EHS,2025-01-18
1355,103,2024-12,SCOPE1_GHG,336.123,t,M,SITE_PORTAL,2025-01-17
1356,103,2024-12,SCOPE2_GHG,221.395,t,M,SITE_PORTAL,2025-01-08
1359,103,2024-12,WASTE_TOTAL,105.846,t,M,MANUAL_XLS,2025-01-12
1358,103,2024-12,WATER_WD,7186.13,m3,M,SAP_EHS,2025-01-11
1363,103,2025-01,ENERGY_CONS,1333.48,MWh,M,SAP_EHS,2025-02-09
1366,103,2025-01,HOURS_WORKED,91898,hours,M,SAP_EHS,2025-02-17
1361,103,2025-01,SCOPE1_GHG,277.761,t,M,MANUAL_XLS,2025-02-17
1362,103,2025-01,SCOPE2_GHG,230.019,t,M,SAP_EHS,2025-02-13
1365,103,2025-01,WASTE_TOTAL,93.614,t,M,SITE_PORTAL,2025-02-19
1364,103,2025-01,WATER_WD,7138.46,m3,M,MANUAL_XLS,2025-02-12
1369,103,2025-02,ENERGY_CONS,1182.69,MWh,M,SAP_EHS,2025-03-18
1372,103,2025-02,HOURS_WORKED,96027.3,hours,M,SAP_EHS,2025-03-20
1367,103,2025-02,SCOPE1_GHG,292.208,t,M,MANUAL_XLS,2025-03-16
1368,103,2025-02,SCOPE2_GHG,193.681,t,M,SITE_PORTAL,2025-03-12
1371,103,2025-02,WASTE_TOTAL,95.079,t,M,MANUAL_XLS,2025-03-20
1370,103,2025-02,WATER_WD,5996.81,m3,M,SAP_EHS,2025-03-18
1375,103,2025-03,ENERGY_CONS,1156.08,MWh,M,SAP_EHS,2025-04-11
1378,103,2025-03,HOURS_WORKED,88547.3,hours,M,SAP_EHS,2025-04-20
1373,103,2025-03,SCOPE1_GHG,246.367,t,M,MANUAL_XLS,2025-04-17
1374,103,2025-03,SCOPE2_GHG,200.637,t,M,SAP_EHS,2025-04-13
1377,103,2025-03,WASTE_TOTAL,94.813,t,M,SAP_EHS,2025-04-08
1376,103,2025-03,WATER_WD,6221.44,m3,M,MANUAL_XLS,2025-04-19
1381,103,2025-04,ENERGY_CONS,1094.29,MWh,M,SITE_PORTAL,2025-05-17
1384,103,2025-04,HOURS_WORKED,91461.4,hours,M,SAP_EHS,2025-05-16
1379,103,2025-04,SCOPE1_GHG,245.869,t,M,SITE_PORTAL,2025-05-20
1380,103,2025-04,SCOPE2_GHG,164.587,t,M,SITE_PORTAL,2025-05-17
1383,103,2025-04,WASTE_TOTAL,87.17,t,M,SITE_PORTAL,2025-05-13
1382,103,2025-04,WATER_WD,5630.88,m3,M,SITE_PORTAL,2025-05-09
1387,103,2025-05,ENERGY_CONS,963.999,MWh,M,MANUAL_XLS,2025-06-12
1390,103,2025-05,HOURS_WORKED,91934.6,hours,M,SAP_EHS,2025-06-17
1385,103,2025-05,SCOPE1_GHG,253.323,t,M,MANUAL_XLS,2025-06-13
1386,103,2025-05,SCOPE2_GHG,161.576,t,M,MANUAL_XLS,2025-06-18
1389,103,2025-05,WASTE_TOTAL,70.03,t,M,MANUAL_XLS,2025-06-20
1388,103,2025-05,WATER_WD,4743.34,m3,M,MANUAL_XLS,2025-06-11
1393,103,2025-06,ENERGY_CONS,996.469,MWh,M,SITE_PORTAL,2025-07-19
1396,103,2025-06,HOURS_WORKED,96974.5,hours,M,SAP_EHS,2025-07-14
1391,103,2025-06,SCOPE1_GHG,205.867,t,M,SITE_PORTAL,2025-07-18
1392,103,2025-06,SCOPE2_GHG,170.346,t,M,SAP_EHS,2025-07-18
1395,103,2025-06,WASTE_TOTAL,76.571,t,M,SAP_EHS,2025-07-18
1394,103,2025-06,WATER_WD,5034.34,m3,M,SITE_PORTAL,2025-07-10
1399,103,2025-07,ENERGY_CONS,948.03,MWh,M,MANUAL_XLS,2025-08-13
1402,103,2025-07,HOURS_WORKED,92504.2,hours,M,SAP_EHS,2025-08-13
1397,103,2025-07,SCOPE1_GHG,244.346,t,M,SAP_EHS,2025-08-14
1398,103,2025-07,SCOPE2_GHG,177.519,t,M,SITE_PORTAL,2025-08-17
1401,103,2025-07,WASTE_TOTAL,70.107,t,M,SAP_EHS,2025-08-18
1400,103,2025-07,WATER_WD,4943.75,m3,M,SITE_PORTAL,2025-08-19
1405,103,2025-08,ENERGY_CONS,944.176,MWh,M,MANUAL_XLS,2025-09-16
1408,103,2025-08,HOURS_WORKED,91032.7,hours,M,SAP_EHS,2025-09-14
1403,103,2025-08,SCOPE1_GHG,233.361,t,M,SITE_PORTAL,2025-09-19
1404,103,2025-08,SCOPE2_GHG,153.816,t,M,SAP_EHS,2025-09-09
1407,103,2025-08,WASTE_TOTAL,79.12,t,M,SITE_PORTAL,2025-09-19
1406,103,2025-08,WATER_WD,5178.88,m3,M,MANUAL_XLS,2025-09-14
1411,103,2025-09,ENERGY_CONS,1043.29,MWh,M,SITE_PORTAL,2025-10-10
1414,103,2025-09,HOURS_WORKED,91064.8,hours,M,SAP_EHS,2025-10-19
1409,103,2025-09,SCOPE1_GHG,242.903,t,M,SITE_PORTAL,2025-10-14
1410,103,2025-09,SCOPE2_GHG,189.932,t,M,SITE_PORTAL,2025-10-13
1413,103,2025-09,WASTE_TOTAL,78.289,t,M,SITE_PORTAL,2025-10-10
1412,103,2025-09,WATER_WD,5105.56,m3,M,SITE_PORTAL,2025-10-10
1417,103,2025-10,ENERGY_CONS,1041.91,MWh,M,MANUAL_XLS,2025-11-16
1420,103,2025-10,HOURS_WORKED,96215.4,hours,M,SAP_EHS,2025-11-16
1415,103,2025-10,SCOPE1_GHG,263.826,t,M,SAP_EHS,2025-11-13
1416,103,2025-10,SCOPE2_GHG,192.136,t,M,SAP_EHS,2025-11-11
1419,103,2025-10,WASTE_TOTAL,90.417,t,M,SAP_EHS,2025-11-15
1418,103,2025-10,WATER_WD,5524.78,m3,M,SITE_PORTAL,2025-11-08
1423,103,2025-11,ENERGY_CONS,1189.79,MWh,M,MANUAL_XLS,2025-12-15
1426,103,2025-11,HOURS_WORKED,95555.6,hours,M,SAP_EHS,2025-12-09
1421,103,2025-11,SCOPE1_GHG,300.511,t,M,SAP_EHS,2025-12-16
1422,103,2025-11,SCOPE2_GHG,187.079,t,M,SAP_EHS,2025-12-09
1425,103,2025-11,WASTE_TOTAL,96.572,t,M,SAP_EHS,2025-12-18
1424,103,2025-11,WATER_WD,6525.27,m3,M,SITE_PORTAL,2025-12-10
1429,103,2025-12,ENERGY_CONS,1203.18,MWh,M,SITE_PORTAL,2026-01-15
1432,103,2025-12,HOURS_WORKED,90709.8,hours,M,SAP_EHS,2026-01-16
1427,103,2025-12,SCOPE1_GHG,288.826,t,M,MANUAL_XLS,2026-01-20
1428,103,2025-12,SCOPE2_GHG,223.216,t,M,SITE_PORTAL,2026-01-19
1431,103,2025-12,WASTE_TOTAL,90.409,t,M,MANUAL_XLS,2026-01-15
1430,103,2025-12,WATER_WD,6408.22,m3,M,SITE_PORTAL,2026-01-14
1435,104,2024-01,ENERGY_CONS,2.16448e+06,kWh,M,MANUAL_XLS,2024-02-16
1438,104,2024-01,HOURS_WORKED,143319,hours,M,SAP_EHS,2024-02-19
1433,104,2024-01,SCOPE1_GHG,508.336,t,M,SAP_EHS,2024-02-18
1434,104,2024-01,SCOPE2_GHG,339.712,t,M,SAP_EHS,2024-02-15
1437,104,2024-01,WASTE_TOTAL,150.073,t,M,SITE_PORTAL,2024-02-14
1436,104,2024-01,WATER_WD,10511.1,m3,M,SITE_PORTAL,2024-02-17
1441,104,2024-02,ENERGY_CONS,1.91039e+06,kWh,M,SITE_PORTAL,2024-03-13
1444,104,2024-02,HOURS_WORKED,136580,hours,M,SAP_EHS,2024-03-19
1439,104,2024-02,SCOPE1_GHG,432.539,t,M,MANUAL_XLS,2024-03-12
1440,104,2024-02,SCOPE2_GHG,364.576,t,M,SITE_PORTAL,2024-03-09
1443,104,2024-02,WASTE_TOTAL,144.955,t,M,SAP_EHS,2024-03-20
1442,104,2024-02,WATER_WD,10836.7,m3,M,MANUAL_XLS,2024-03-15
1447,104,2024-03,ENERGY_CONS,1.80284e+06,kWh,M,MANUAL_XLS,2024-04-20
1450,104,2024-03,HOURS_WORKED,142126,hours,M,SAP_EHS,2024-04-18
1445,104,2024-03,SCOPE1_GHG,435.392,t,M,SITE_PORTAL,2024-04-18
1446,104,2024-03,SCOPE2_GHG,309.54,t,M,MANUAL_XLS,2024-04-20
1449,104,2024-03,WASTE_TOTAL,131.228,t,M,SAP_EHS,2024-04-13
1448,104,2024-03,WATER_WD,9097.18,m3,M,SITE_PORTAL,2024-04-13
1453,104,2024-04,ENERGY_CONS,1.85937e+06,kWh,M,SAP_EHS,2024-05-17
1456,104,2024-04,HOURS_WORKED,143210,hours,M,SAP_EHS,2024-05-09
1451,104,2024-04,SCOPE1_GHG,400.342,t,M,MANUAL_XLS,2024-05-10
1452,104,2024-04,SCOPE2_GHG,319.759,t,M,SITE_PORTAL,2024-05-10
1455,104,2024-04,WASTE_TOTAL,136.034,t,M,MANUAL_XLS,2024-05-09
1454,104,2024-04,WATER_WD,8703.55,m3,M,SAP_EHS,2024-05-11
1459,104,2024-05,ENERGY_CONS,1.7058e+06,kWh,M,SITE_PORTAL,2024-06-10
1462,104,2024-05,HOURS_WORKED,142677,hours,M,SAP_EHS,2024-06-12
1457,104,2024-05,SCOPE1_GHG,398.636,t,M,SAP_EHS,2024-06-08
1458,104,2024-05,SCOPE2_GHG,306.84,t,M,SAP_EHS,2024-06-13
1461,104,2024-05,WASTE_TOTAL,121.319,t,M,MANUAL_XLS,2024-06-16
1460,104,2024-05,WATER_WD,8294.25,m3,M,SITE_PORTAL,2024-06-17
1465,104,2024-06,ENERGY_CONS,1.54133e+06,kWh,M,SITE_PORTAL,2024-07-19
1468,104,2024-06,HOURS_WORKED,144835,hours,M,SAP_EHS,2024-07-08
1463,104,2024-06,SCOPE1_GHG,395.733,t,M,SAP_EHS,2024-07-09
1464,104,2024-06,SCOPE2_GHG,275.911,t,M,MANUAL_XLS,2024-07-19
1467,104,2024-06,WASTE_TOTAL,133.597,t,M,SAP_EHS,2024-07-12
1466,104,2024-06,WATER_WD,8365.73,m3,M,SAP_EHS,2024-07-13
1471,104,2024-07,ENERGY_CONS,1.49451e+06,kWh,M,SAP_EHS,2024-08-15
1474,104,2024-07,HOURS_WORKED,138966,hours,M,SAP_EHS,2024-08-09
1469,104,2024-07,SCOPE1_GHG,343.16,t,M,SAP_EHS,2024-08-08
1470,104,2024-07,SCOPE2_GHG,290.862,t,M,SITE_PORTAL,2024-08-09
1473,104,2024-07,WASTE_TOTAL,124.873,t,M,MANUAL_XLS,2024-08-16
1472,104,2024-07,WATER_WD,7512.23,m3,M,SITE_PORTAL,2024-08-08
1477,104,2024-08,ENERGY_CONS,1.45984e+06,kWh,M,SAP_EHS,2024-09-20
1480,104,2024-08,HOURS_WORKED,136294,hours,M,SAP_EHS,2024-09-19
1475,104,2024-08,SCOPE1_GHG,373.597,t,M,SITE_PORTAL,2024-09-11
1476,104,2024-08,SCOPE2_GHG,262.529,t,M,MANUAL_XLS,2024-09-09
1479,104,2024-08,WASTE_TOTAL,108.441,t,M,SITE_PORTAL,2024-09-13
1478,104,2024-08,WATER_WD,7750.85,m3,M,MANUAL_XLS,2024-09-13
1483,104,2024-09,ENERGY_CONS,1.81755e+06,kWh,M,MANUAL_XLS,2024-10-14
1486,104,2024-09,HOURS_WORKED,140065,hours,M,SAP_EHS,2024-10-10
1481,104,2024-09,SCOPE1_GHG,415.989,t,M,MANUAL_XLS,2024-10-13
1482,104,2024-09,SCOPE2_GHG,303.628,t,M,MANUAL_XLS,2024-10-20
1485,104,2024-09,WASTE_TOTAL,138.579,t,M,SITE_PORTAL,2024-10-08
1484,104,2024-09,WATER_WD,8076.83,m3,M,SITE_PORTAL,2024-10-09
1489,104,2024-10,ENERGY_CONS,1.94688e+06,kWh,M,MANUAL_XLS,2024-11-18
1492,104,2024-10,HOURS_WORKED,145508,hours,M,SAP_EHS,2024-11-10
1487,104,2024-10,SCOPE1_GHG,441.186,t,M,SITE_PORTAL,2024-11-20
1488,104,2024-10,SCOPE2_GHG,331.524,t,M,SAP_EHS,2024-11-20
1491,104,2024-10,WASTE_TOTAL,146.711,t,M,SITE_PORTAL,2024-11-20
1490,104,2024-10,WATER_WD,9955.63,m3,M,SITE_PORTAL,2024-11-16
1495,104,2024-11,ENERGY_CONS,1.93056e+06,kWh,M,SAP_EHS,2024-12-11
1498,104,2024-11,HOURS_WORKED,144224,hours,M,SAP_EHS,2024-12-18
1493,104,2024-11,SCOPE1_GHG,424.916,t,M,MANUAL_XLS,2024-12-12
1494,104,2024-11,SCOPE2_GHG,310.558,t,M,SAP_EHS,2024-12-12
1497,104,2024-11,WASTE_TOTAL,139.139,t,M,MANUAL_XLS,2024-12-11
1496,104,2024-11,WATER_WD,11072.3,m3,M,MANUAL_XLS,2024-12-09
1501,104,2024-12,ENERGY_CONS,1.89755e+06,kWh,M,SAP_EHS,2025-01-19
1504,104,2024-12,HOURS_WORKED,142430,hours,M,SAP_EHS,2025-01-13
1499,104,2024-12,SCOPE1_GHG,476.276,t,M,SAP_EHS,2025-01-20
1500,104,2024-12,SCOPE2_GHG,333.655,t,M,SAP_EHS,2025-01-16
1503,104,2024-12,WASTE_TOTAL,173.926,t,M,SAP_EHS,2025-01-09
1502,104,2024-12,WATER_WD,9913.53,m3,M,MANUAL_XLS,2025-01-17
1507,104,2025-01,ENERGY_CONS,2.20993e+06,kWh,M,SITE_PORTAL,2025-02-18
1510,104,2025-01,HOURS_WORKED,136481,hours,M,SAP_EHS,2025-02-14
1505,104,2025-01,SCOPE1_GHG,431.53,t,M,MANUAL_XLS,2025-02-17
1506,104,2025-01,SCOPE2_GHG,324.075,t,M,SAP_EHS,2025-02-12
1509,104,2025-01,WASTE_TOTAL,142.857,t,M,SITE_PORTAL,2025-02-10
1508,104,2025-01,WATER_WD,11164.5,m3,M,MANUAL_XLS,2025-02-20
1513,104,2025-02,ENERGY_CONS,1.84355e+06,kWh,M,MANUAL_XLS,2025-03-18
1516,104,2025-02,HOURS_WORKED,148698,hours,M,SAP_EHS,2025-03-19
1511,104,2025-02,SCOPE1_GHG,477.34,t,M,MANUAL_XLS,2025-03-18
1512,104,2025-02,SCOPE2_GHG,308.338,t,M,MANUAL_XLS,2025-03-09
2673,104,2025-02,SCOPE2_GHG,339.618,t,M,MANUAL_XLS,2025-04-23
1515,104,2025-02,WASTE_TOTAL,142.519,t,M,SAP_EHS,2025-03-08
1514,104,2025-02,WATER_WD,10960.8,m3,M,SITE_PORTAL,2025-03-18
1519,104,2025-03,ENERGY_CONS,1.93106e+06,kWh,M,SAP_EHS,2025-04-17
1522,104,2025-03,HOURS_WORKED,140813,hours,M,SAP_EHS,2025-04-16
1517,104,2025-03,SCOPE1_GHG,396.803,t,M,SAP_EHS,2025-04-16
1518,104,2025-03,SCOPE2_GHG,326.266,t,M,SAP_EHS,2025-04-08
2674,104,2025-03,SCOPE2_GHG,372.962,t,M,MANUAL_XLS,2025-05-23
1521,104,2025-03,WASTE_TOTAL,128.359,t,M,SAP_EHS,2025-04-13
1520,104,2025-03,WATER_WD,9157.27,m3,M,SITE_PORTAL,2025-04-19
1525,104,2025-04,ENERGY_CONS,1.55179e+06,kWh,M,MANUAL_XLS,2025-05-19
1528,104,2025-04,HOURS_WORKED,139221,hours,M,SAP_EHS,2025-05-15
1523,104,2025-04,SCOPE1_GHG,352.315,t,M,SITE_PORTAL,2025-05-15
1524,104,2025-04,SCOPE2_GHG,281.77,t,M,SITE_PORTAL,2025-05-17
1527,104,2025-04,WASTE_TOTAL,131.327,t,M,SITE_PORTAL,2025-05-09
1526,104,2025-04,WATER_WD,8632.63,m3,M,SAP_EHS,2025-05-14
1531,104,2025-05,ENERGY_CONS,1.6989e+06,kWh,M,SITE_PORTAL,2025-06-13
1534,104,2025-05,HOURS_WORKED,144933,hours,M,SAP_EHS,2025-06-15
1529,104,2025-05,SCOPE1_GHG,370.051,t,M,MANUAL_XLS,2025-06-12
1530,104,2025-05,SCOPE2_GHG,280.346,t,M,SAP_EHS,2025-06-17
1533,104,2025-05,WASTE_TOTAL,109.332,t,M,SITE_PORTAL,2025-06-17
1532,104,2025-05,WATER_WD,8361.68,m3,M,SAP_EHS,2025-06-18
1537,104,2025-06,ENERGY_CONS,1.44134e+06,kWh,M,SITE_PORTAL,2025-07-08
1540,104,2025-06,HOURS_WORKED,137745,hours,M,SAP_EHS,2025-07-20
1535,104,2025-06,SCOPE1_GHG,326.558,t,M,SITE_PORTAL,2025-07-16
1536,104,2025-06,SCOPE2_GHG,255.974,t,M,SAP_EHS,2025-07-16
1539,104,2025-06,WASTE_TOTAL,119.937,t,M,MANUAL_XLS,2025-07-12
1538,104,2025-06,WATER_WD,8149.58,m3,M,SITE_PORTAL,2025-07-17
1543,104,2025-07,ENERGY_CONS,1.4843e+06,kWh,M,SITE_PORTAL,2025-08-10
1546,104,2025-07,HOURS_WORKED,135398,hours,M,SAP_EHS,2025-08-11
1541,104,2025-07,SCOPE1_GHG,314.378,t,M,MANUAL_XLS,2025-08-20
1542,104,2025-07,SCOPE2_GHG,250.216,t,M,MANUAL_XLS,2025-08-18
1545,104,2025-07,WASTE_TOTAL,118.033,t,M,MANUAL_XLS,2025-08-08
1544,104,2025-07,WATER_WD,7762.57,m3,M,SITE_PORTAL,2025-08-10
1549,104,2025-08,ENERGY_CONS,1.55311e+06,kWh,M,MANUAL_XLS,2025-09-10
1552,104,2025-08,HOURS_WORKED,137200,hours,M,SAP_EHS,2025-09-09
1547,104,2025-08,SCOPE1_GHG,309.759,t,M,MANUAL_XLS,2025-09-20
1548,104,2025-08,SCOPE2_GHG,259.21,t,M,SITE_PORTAL,2025-09-16
1551,104,2025-08,WASTE_TOTAL,104.127,t,M,MANUAL_XLS,2025-09-18
1550,104,2025-08,WATER_WD,7156.28,m3,M,SAP_EHS,2025-09-08
1555,104,2025-09,ENERGY_CONS,1.69986e+06,kWh,M,SITE_PORTAL,2025-10-12
1558,104,2025-09,HOURS_WORKED,146703,hours,M,SAP_EHS,2025-10-15
1553,104,2025-09,SCOPE1_GHG,398.882,t,M,SITE_PORTAL,2025-10-15
1554,104,2025-09,SCOPE2_GHG,280.193,t,M,SITE_PORTAL,2025-10-10
1557,104,2025-09,WASTE_TOTAL,112.927,t,M,SITE_PORTAL,2025-10-19
1556,104,2025-09,WATER_WD,7530.1,m3,M,SAP_EHS,2025-10-11
1561,104,2025-10,ENERGY_CONS,1.8315e+06,kWh,M,MANUAL_XLS,2025-11-13
1564,104,2025-10,HOURS_WORKED,148030,hours,M,SAP_EHS,2025-11-10
1559,104,2025-10,SCOPE1_GHG,410.25,t,M,SAP_EHS,2025-11-14
1560,104,2025-10,SCOPE2_GHG,285.803,t,M,MANUAL_XLS,2025-11-12
1563,104,2025-10,WASTE_TOTAL,120.933,t,M,MANUAL_XLS,2025-11-19
1562,104,2025-10,WATER_WD,9162.34,m3,M,MANUAL_XLS,2025-11-12
1567,104,2025-11,ENERGY_CONS,2.05444e+06,kWh,M,MANUAL_XLS,2025-12-08
1570,104,2025-11,HOURS_WORKED,140518,hours,M,SAP_EHS,2025-12-17
1565,104,2025-11,SCOPE1_GHG,452.316,t,M,MANUAL_XLS,2025-12-18
1566,104,2025-11,SCOPE2_GHG,334.406,t,M,MANUAL_XLS,2025-12-16
1569,104,2025-11,WASTE_TOTAL,155.645,t,M,MANUAL_XLS,2025-12-10
1568,104,2025-11,WATER_WD,9214.05,m3,M,SITE_PORTAL,2025-12-17
1573,104,2025-12,ENERGY_CONS,2.13566e+06,kWh,M,SAP_EHS,2026-01-13
1576,104,2025-12,HOURS_WORKED,146084,hours,M,SAP_EHS,2026-01-18
1571,104,2025-12,SCOPE1_GHG,405.234,t,M,MANUAL_XLS,2026-01-13
1572,104,2025-12,SCOPE2_GHG,323.327,t,M,SAP_EHS,2026-01-09
1575,104,2025-12,WASTE_TOTAL,136.602,t,M,SAP_EHS,2026-01-13
1574,104,2025-12,WATER_WD,10740.8,m3,M,SITE_PORTAL,2026-01-13
1579,105,2024-01,ENERGY_CONS,918580,kWh,M,MANUAL_XLS,2024-02-15
1582,105,2024-01,HOURS_WORKED,61422,hours,M,SAP_EHS,2024-02-20
1577,105,2024-01,SCOPE1_GHG,210.305,t,M,SAP_EHS,2024-02-10
1578,105,2024-01,SCOPE2_GHG,153.076,t,M,SAP_EHS,2024-02-09
1581,105,2024-01,WASTE_TOTAL,65.545,t,M,MANUAL_XLS,2024-02-18
1580,105,2024-01,WATER_WD,4477.25,m3,M,MANUAL_XLS,2024-02-18
1585,105,2024-02,ENERGY_CONS,862048,kWh,M,SITE_PORTAL,2024-03-09
1588,105,2024-02,HOURS_WORKED,60109,hours,M,SAP_EHS,2024-03-16
1583,105,2024-02,SCOPE1_GHG,211.299,t,M,SITE_PORTAL,2024-03-17
1584,105,2024-02,SCOPE2_GHG,138.558,t,M,SITE_PORTAL,2024-03-18
1587,105,2024-02,WASTE_TOTAL,60.479,t,M,MANUAL_XLS,2024-03-10
1586,105,2024-02,WATER_WD,4515.82,m3,M,MANUAL_XLS,2024-03-16
1591,105,2024-03,ENERGY_CONS,779231,kWh,M,MANUAL_XLS,2024-04-15
1594,105,2024-03,HOURS_WORKED,60600.1,hours,M,SAP_EHS,2024-04-15
1589,105,2024-03,SCOPE1_GHG,185.716,t,M,SITE_PORTAL,2024-04-16
1590,105,2024-03,SCOPE2_GHG,145.304,t,M,MANUAL_XLS,2024-04-13
1593,105,2024-03,WASTE_TOTAL,63.329,t,M,SITE_PORTAL,2024-04-19
1592,105,2024-03,WATER_WD,4005.09,m3,M,MANUAL_XLS,2024-04-14
1597,105,2024-04,ENERGY_CONS,807819,kWh,M,SAP_EHS,2024-05-17
1600,105,2024-04,HOURS_WORKED,59110,hours,M,SAP_EHS,2024-05-09
1595,105,2024-04,SCOPE1_GHG,152.913,t,M,SAP_EHS,2024-05-17
1596,105,2024-04,SCOPE2_GHG,112.877,t,M,SITE_PORTAL,2024-05-09
1599,105,2024-04,WASTE_TOTAL,51.039,t,M,MANUAL_XLS,2024-05-15
1598,105,2024-04,WATER_WD,3650.88,m3,M,MANUAL_XLS,2024-05-08
1603,105,2024-05,ENERGY_CONS,635024,kWh,M,MANUAL_XLS,2024-06-10
1606,105,2024-05,HOURS_WORKED,57122.9,hours,M,SAP_EHS,2024-06-16
1601,105,2024-05,SCOPE1_GHG,144.552,t,M,MANUAL_XLS,2024-06-17
1602,105,2024-05,SCOPE2_GHG,108.963,t,M,SAP_EHS,2024-06-16
1605,105,2024-05,WASTE_TOTAL,49.122,t,M,SAP_EHS,2024-06-18
1604,105,2024-05,WATER_WD,3673.71,m3,M,MANUAL_XLS,2024-06-20
1609,105,2024-06,ENERGY_CONS,653107,kWh,M,MANUAL_XLS,2024-07-14
1612,105,2024-06,HOURS_WORKED,59077.8,hours,M,SAP_EHS,2024-07-16
1607,105,2024-06,SCOPE1_GHG,164.226,t,M,MANUAL_XLS,2024-07-13
1608,105,2024-06,SCOPE2_GHG,124.441,t,M,SITE_PORTAL,2024-07-11
1611,105,2024-06,WASTE_TOTAL,53.963,t,M,SITE_PORTAL,2024-07-14
1610,105,2024-06,WATER_WD,3773.54,m3,M,SAP_EHS,2024-07-16
1615,105,2024-07,ENERGY_CONS,704681,kWh,M,MANUAL_XLS,2024-08-08
1618,105,2024-07,HOURS_WORKED,60376.7,hours,M,SAP_EHS,2024-08-13
1613,105,2024-07,SCOPE1_GHG,163.2,t,M,SITE_PORTAL,2024-08-15
1614,105,2024-07,SCOPE2_GHG,114.379,t,M,SAP_EHS,2024-08-08
1617,105,2024-07,WASTE_TOTAL,49.628,t,M,SITE_PORTAL,2024-08-08
1616,105,2024-07,WATER_WD,3367.9,m3,M,SITE_PORTAL,2024-08-10
1621,105,2024-08,ENERGY_CONS,639188,kWh,M,SITE_PORTAL,2024-09-09
1624,105,2024-08,HOURS_WORKED,62289.7,hours,M,SAP_EHS,2024-09-17
1619,105,2024-08,SCOPE1_GHG,144.784,t,M,SITE_PORTAL,2024-09-16
1620,105,2024-08,SCOPE2_GHG,101.075,t,M,MANUAL_XLS,2024-09-15
1623,105,2024-08,WASTE_TOTAL,50.646,t,M,SITE_PORTAL,2024-09-11
1622,105,2024-08,WATER_WD,3457.76,m3,M,MANUAL_XLS,2024-09-14
1627,105,2024-09,ENERGY_CONS,726070,kWh,M,MANUAL_XLS,2024-10-20
1630,105,2024-09,HOURS_WORKED,60389.7,hours,M,SAP_EHS,2024-10-17
1625,105,2024-09,SCOPE1_GHG,149.953,t,M,SAP_EHS,2024-10-19
1626,105,2024-09,SCOPE2_GHG,126.896,t,M,MANUAL_XLS,2024-10-09
1629,105,2024-09,WASTE_TOTAL,53.433,t,M,SAP_EHS,2024-10-15
1628,105,2024-09,WATER_WD,3612.7,m3,M,SITE_PORTAL,2024-10-13
1633,105,2024-10,ENERGY_CONS,774271,kWh,M,MANUAL_XLS,2024-11-09
1636,105,2024-10,HOURS_WORKED,60688.4,hours,M,SAP_EHS,2024-11-16
1631,105,2024-10,SCOPE1_GHG,173.48,t,M,SITE_PORTAL,2024-11-20
1632,105,2024-10,SCOPE2_GHG,128.763,t,M,MANUAL_XLS,2024-11-11
1635,105,2024-10,WASTE_TOTAL,56.129,t,M,SAP_EHS,2024-11-13
1634,105,2024-10,WATER_WD,4242.42,m3,M,SITE_PORTAL,2024-11-15
1639,105,2024-11,ENERGY_CONS,754725,kWh,M,SITE_PORTAL,2024-12-20
1642,105,2024-11,HOURS_WORKED,60319,hours,M,SAP_EHS,2024-12-12
1637,105,2024-11,SCOPE1_GHG,190.59,t,M,SITE_PORTAL,2024-12-11
1638,105,2024-11,SCOPE2_GHG,145.655,t,M,SITE_PORTAL,2024-12-15
1641,105,2024-11,WASTE_TOTAL,65.82,t,M,SAP_EHS,2024-12-13
1640,105,2024-11,WATER_WD,4319.58,m3,M,SAP_EHS,2024-12-15
1645,105,2024-12,ENERGY_CONS,901502,kWh,M,SITE_PORTAL,2025-01-19
1648,105,2024-12,HOURS_WORKED,60327.8,hours,M,SAP_EHS,2025-01-09
1643,105,2024-12,SCOPE1_GHG,181.837,t,M,MANUAL_XLS,2025-01-14
1644,105,2024-12,SCOPE2_GHG,157.218,t,M,SAP_EHS,2025-01-14
1647,105,2024-12,WASTE_TOTAL,60.929,t,M,SITE_PORTAL,2025-01-16
1646,105,2024-12,WATER_WD,4156,m3,M,MANUAL_XLS,2025-01-15
1651,105,2025-01,ENERGY_CONS,891508,kWh,M,MANUAL_XLS,2025-02-18
1654,105,2025-01,HOURS_WORKED,59663.7,hours,M,SAP_EHS,2025-02-08
1649,105,2025-01,SCOPE1_GHG,208.309,t,M,SAP_EHS,2025-02-11
1650,105,2025-01,SCOPE2_GHG,134.884,t,M,SAP_EHS,2025-02-15
1653,105,2025-01,WASTE_TOTAL,62.519,t,M,SITE_PORTAL,2025-02-16
1652,105,2025-01,WATER_WD,4354.55,m3,M,MANUAL_XLS,2025-02-12
1657,105,2025-02,ENERGY_CONS,860368,kWh,M,SITE_PORTAL,2025-03-20
1660,105,2025-02,HOURS_WORKED,56605.6,hours,M,SAP_EHS,2025-03-11
1655,105,2025-02,SCOPE1_GHG,169.842,t,M,SAP_EHS,2025-03-16
1656,105,2025-02,SCOPE2_GHG,141.839,t,M,SITE_PORTAL,2025-03-11
1659,105,2025-02,WASTE_TOTAL,63.061,t,M,SAP_EHS,2025-03-19
1658,105,2025-02,WATER_WD,4062.57,m3,M,SAP_EHS,2025-03-08
1663,105,2025-03,ENERGY_CONS,779982,kWh,M,MANUAL_XLS,2025-04-09
1666,105,2025-03,HOURS_WORKED,57781.1,hours,M,SAP_EHS,2025-04-12
1661,105,2025-03,SCOPE1_GHG,160.219,t,M,MANUAL_XLS,2025-04-08
1662,105,2025-03,SCOPE2_GHG,113.17,t,M,SAP_EHS,2025-04-15
1665,105,2025-03,WASTE_TOTAL,60.322,t,M,MANUAL_XLS,2025-04-11
1664,105,2025-03,WATER_WD,,m3,M,MANUAL_XLS,2025-04-12
1669,105,2025-04,ENERGY_CONS,677022,kWh,M,SITE_PORTAL,2025-05-20
1672,105,2025-04,HOURS_WORKED,57400.4,hours,M,SAP_EHS,2025-05-09
1667,105,2025-04,SCOPE1_GHG,146.11,t,M,MANUAL_XLS,2025-05-13
1668,105,2025-04,SCOPE2_GHG,123.92,t,M,MANUAL_XLS,2025-05-14
1671,105,2025-04,WASTE_TOTAL,52.083,t,M,SITE_PORTAL,2025-05-18
1670,105,2025-04,WATER_WD,3520.97,m3,M,SITE_PORTAL,2025-05-10
1675,105,2025-05,ENERGY_CONS,608909,kWh,M,SAP_EHS,2025-06-17
1678,105,2025-05,HOURS_WORKED,61914.7,hours,M,SAP_EHS,2025-06-09
1673,105,2025-05,SCOPE1_GHG,152.947,t,M,SITE_PORTAL,2025-06-14
1674,105,2025-05,SCOPE2_GHG,99.277,t,M,SAP_EHS,2025-06-17
1677,105,2025-05,WASTE_TOTAL,48.374,t,M,SITE_PORTAL,2025-06-10
1676,105,2025-05,WATER_WD,3185.84,m3,M,SITE_PORTAL,2025-06-11
1681,105,2025-06,ENERGY_CONS,656775,kWh,M,SAP_EHS,2025-07-14
1684,105,2025-06,HOURS_WORKED,58450.3,hours,M,SAP_EHS,2025-07-15
1679,105,2025-06,SCOPE1_GHG,145.203,t,M,MANUAL_XLS,2025-07-14
1680,105,2025-06,SCOPE2_GHG,106.755,t,M,SITE_PORTAL,2025-07-12
1683,105,2025-06,WASTE_TOTAL,50.997,t,M,SAP_EHS,2025-07-17
1682,105,2025-06,WATER_WD,3148.19,m3,M,SITE_PORTAL,2025-07-17
1687,105,2025-07,ENERGY_CONS,658069,kWh,M,SITE_PORTAL,2025-08-19
1690,105,2025-07,HOURS_WORKED,56881,hours,M,SAP_EHS,2025-08-13
1685,105,2025-07,SCOPE1_GHG,140.595,t,M,MANUAL_XLS,2025-08-19
1686,105,2025-07,SCOPE2_GHG,109.165,t,M,SITE_PORTAL,2025-08-15
1689,105,2025-07,WASTE_TOTAL,48.627,t,M,SAP_EHS,2025-08-15
1688,105,2025-07,WATER_WD,2946.49,m3,M,SITE_PORTAL,2025-08-12
1693,105,2025-08,ENERGY_CONS,636528,kWh,M,MANUAL_XLS,2025-09-20
1696,105,2025-08,HOURS_WORKED,56632.1,hours,M,SAP_EHS,2025-09-12
1691,105,2025-08,SCOPE1_GHG,139.859,t,M,MANUAL_XLS,2025-09-19
1692,105,2025-08,SCOPE2_GHG,101.091,t,M,MANUAL_XLS,2025-09-19
1695,105,2025-08,WASTE_TOTAL,43.631,t,M,SAP_EHS,2025-09-15
1694,105,2025-08,WATER_WD,2905.19,m3,M,SITE_PORTAL,2025-09-15
1699,105,2025-09,ENERGY_CONS,713149,kWh,M,MANUAL_XLS,2025-10-10
1702,105,2025-09,HOURS_WORKED,61661.2,hours,M,SAP_EHS,2025-10-11
1697,105,2025-09,SCOPE1_GHG,159.352,t,M,MANUAL_XLS,2025-10-14
1698,105,2025-09,SCOPE2_GHG,106.523,t,M,SITE_PORTAL,2025-10-14
1701,105,2025-09,WASTE_TOTAL,53.576,t,M,SAP_EHS,2025-10-19
1700,105,2025-09,WATER_WD,3132.39,m3,M,MANUAL_XLS,2025-10-16
1705,105,2025-10,ENERGY_CONS,716364,kWh,M,MANUAL_XLS,2025-11-17
1708,105,2025-10,HOURS_WORKED,57208.8,hours,M,SAP_EHS,2025-11-18
1703,105,2025-10,SCOPE1_GHG,150.242,t,M,SITE_PORTAL,2025-11-19
1704,105,2025-10,SCOPE2_GHG,128.764,t,M,MANUAL_XLS,2025-11-08
1707,105,2025-10,WASTE_TOTAL,50.713,t,M,SAP_EHS,2025-11-13
1706,105,2025-10,WATER_WD,3692.95,m3,M,MANUAL_XLS,2025-11-14
1711,105,2025-11,ENERGY_CONS,811854,kWh,M,SAP_EHS,2025-12-08
1714,105,2025-11,HOURS_WORKED,62115.7,hours,M,SAP_EHS,2025-12-12
1709,105,2025-11,SCOPE1_GHG,167.147,t,M,MANUAL_XLS,2025-12-14
1710,105,2025-11,SCOPE2_GHG,142.865,t,M,MANUAL_XLS,2025-12-12
1713,105,2025-11,WASTE_TOTAL,60.924,t,M,MANUAL_XLS,2025-12-13
1712,105,2025-11,WATER_WD,4009.71,m3,M,MANUAL_XLS,2025-12-19
1717,105,2025-12,ENERGY_CONS,905947,kWh,M,MANUAL_XLS,2026-01-19
1720,105,2025-12,HOURS_WORKED,60798,hours,M,SAP_EHS,2026-01-09
1715,105,2025-12,SCOPE1_GHG,203.752,t,M,MANUAL_XLS,2026-01-12
1716,105,2025-12,SCOPE2_GHG,135.027,t,M,SAP_EHS,2026-01-15
1719,105,2025-12,WASTE_TOTAL,60.242,t,M,SAP_EHS,2026-01-09
1718,105,2025-12,WATER_WD,4102.5,m3,M,SAP_EHS,2026-01-16
1723,106,2024-01,ENERGY_CONS,1646.84,MWh,M,SAP_EHS,2024-02-18
1726,106,2024-01,HOURS_WORKED,101430,hours,M,SAP_EHS,2024-02-08
1721,106,2024-01,SCOPE1_GHG,386880,kg,M,MANUAL_XLS,2024-02-12
1722,106,2024-01,SCOPE2_GHG,257508,kg,M,SAP_EHS,2024-02-20
1725,106,2024-01,WASTE_TOTAL,109.062,t,M,SITE_PORTAL,2024-02-08
1724,106,2024-01,WATER_WD,8058.28,m3,M,SAP_EHS,2024-02-18
1729,106,2024-02,ENERGY_CONS,1517.59,MWh,M,MANUAL_XLS,2024-03-18
1732,106,2024-02,HOURS_WORKED,107202,hours,M,SAP_EHS,2024-03-17
1727,106,2024-02,SCOPE1_GHG,335279,kg,M,SAP_EHS,2024-03-18
1728,106,2024-02,SCOPE2_GHG,239779,kg,M,MANUAL_XLS,2024-03-20
1731,106,2024-02,WASTE_TOTAL,126.145,t,M,MANUAL_XLS,2024-03-12
1730,106,2024-02,WATER_WD,8358.64,m3,M,MANUAL_XLS,2024-03-16
1735,106,2024-03,ENERGY_CONS,1284.47,MWh,M,MANUAL_XLS,2024-04-12
1738,106,2024-03,HOURS_WORKED,105700,hours,M,SAP_EHS,2024-04-18
1733,106,2024-03,SCOPE1_GHG,334735,kg,M,SAP_EHS,2024-04-16
1734,106,2024-03,SCOPE2_GHG,224667,kg,M,SAP_EHS,2024-04-08
1737,106,2024-03,WASTE_TOTAL,103.335,t,M,SITE_PORTAL,2024-04-11
1736,106,2024-03,WATER_WD,6624.36,m3,M,SAP_EHS,2024-04-17
1741,106,2024-04,ENERGY_CONS,1222.62,MWh,M,SAP_EHS,2024-05-09
1744,106,2024-04,HOURS_WORKED,103272,hours,M,SAP_EHS,2024-05-14
1739,106,2024-04,SCOPE1_GHG,273399,kg,M,MANUAL_XLS,2024-05-10
1740,106,2024-04,SCOPE2_GHG,236560,kg,M,SITE_PORTAL,2024-05-11
1743,106,2024-04,WASTE_TOTAL,100.231,t,M,SAP_EHS,2024-05-14
1742,106,2024-04,WATER_WD,6071.55,m3,M,SAP_EHS,2024-05-10
1747,106,2024-05,ENERGY_CONS,1167.98,MWh,M,SAP_EHS,2024-06-15
1750,106,2024-05,HOURS_WORKED,105479,hours,M,SAP_EHS,2024-06-10
1745,106,2024-05,SCOPE1_GHG,261952,kg,M,SITE_PORTAL,2024-06-08
1746,106,2024-05,SCOPE2_GHG,211605,kg,M,MANUAL_XLS,2024-06-18
1749,106,2024-05,WASTE_TOTAL,95.815,t,M,MANUAL_XLS,2024-06-20
1748,106,2024-05,WATER_WD,6112.56,m3,M,SITE_PORTAL,2024-06-14
1753,106,2024-06,ENERGY_CONS,1232.75,MWh,M,SITE_PORTAL,2024-07-16
1756,106,2024-06,HOURS_WORKED,100233,hours,M,SAP_EHS,2024-07-15
1751,106,2024-06,SCOPE1_GHG,273009,kg,M,SITE_PORTAL,2024-07-14
1752,106,2024-06,SCOPE2_GHG,201525,kg,M,SITE_PORTAL,2024-07-10
1755,106,2024-06,WASTE_TOTAL,94.897,t,M,SAP_EHS,2024-07-20
1754,106,2024-06,WATER_WD,6728.56,m3,M,SAP_EHS,2024-07-14
1759,106,2024-07,ENERGY_CONS,1263.9,MWh,M,SAP_EHS,2024-08-12
1762,106,2024-07,HOURS_WORKED,102035,hours,M,SAP_EHS,2024-08-13
1757,106,2024-07,SCOPE1_GHG,250849,kg,M,SAP_EHS,2024-08-16
1758,106,2024-07,SCOPE2_GHG,202734,kg,M,SAP_EHS,2024-08-20
1761,106,2024-07,WASTE_TOTAL,85.496,t,M,SAP_EHS,2024-08-18
1760,106,2024-07,WATER_WD,5790.52,m3,M,MANUAL_XLS,2024-08-17
1765,106,2024-08,ENERGY_CONS,1034.37,MWh,M,MANUAL_XLS,2024-09-11
1768,106,2024-08,HOURS_WORKED,105672,hours,M,SAP_EHS,2024-09-11
1763,106,2024-08,SCOPE1_GHG,254706,kg,M,MANUAL_XLS,2024-09-14
1764,106,2024-08,SCOPE2_GHG,175727,kg,M,SITE_PORTAL,2024-09-10
1767,106,2024-08,WASTE_TOTAL,89.609,t,M,SITE_PORTAL,2024-09-14
1766,106,2024-08,WATER_WD,6245.52,m3,M,SAP_EHS,2024-09-18
1771,106,2024-09,ENERGY_CONS,1197.27,MWh,M,MANUAL_XLS,2024-10-20
1774,106,2024-09,HOURS_WORKED,106401,hours,M,SAP_EHS,2024-10-17
1769,106,2024-09,SCOPE1_GHG,281026,kg,M,SITE_PORTAL,2024-10-12
1770,106,2024-09,SCOPE2_GHG,218301,kg,M,SAP_EHS,2024-10-20
1773,106,2024-09,WASTE_TOTAL,94.223,t,M,SITE_PORTAL,2024-10-17
1772,106,2024-09,WATER_WD,6779.44,m3,M,MANUAL_XLS,2024-10-15
1777,106,2024-10,ENERGY_CONS,1320.56,MWh,M,SITE_PORTAL,2024-11-19
1780,106,2024-10,HOURS_WORKED,103966,hours,M,SAP_EHS,2024-11-08
1775,106,2024-10,SCOPE1_GHG,313869,kg,M,MANUAL_XLS,2024-11-09
1776,106,2024-10,SCOPE2_GHG,228221,kg,M,SAP_EHS,2024-11-20
1779,106,2024-10,WASTE_TOTAL,93.452,t,M,MANUAL_XLS,2024-11-16
1778,106,2024-10,WATER_WD,7443.44,m3,M,MANUAL_XLS,2024-11-10
1783,106,2024-11,ENERGY_CONS,1424.59,MWh,M,SAP_EHS,2024-12-11
1786,106,2024-11,HOURS_WORKED,100483,hours,M,SAP_EHS,2024-12-12
1781,106,2024-11,SCOPE1_GHG,317691,kg,M,SITE_PORTAL,2024-12-08
1782,106,2024-11,SCOPE2_GHG,267851,kg,M,MANUAL_XLS,2024-12-08
1785,106,2024-11,WASTE_TOTAL,111.532,t,M,SITE_PORTAL,2024-12-09
1784,106,2024-11,WATER_WD,7059.7,m3,M,SAP_EHS,2024-12-19
1789,106,2024-12,ENERGY_CONS,1643.87,MWh,M,SITE_PORTAL,2025-01-14
1792,106,2024-12,HOURS_WORKED,106858,hours,M,SAP_EHS,2025-01-13
1787,106,2024-12,SCOPE1_GHG,335264,kg,M,SAP_EHS,2025-01-14
1788,106,2024-12,SCOPE2_GHG,271691,kg,M,SITE_PORTAL,2025-01-14
1791,106,2024-12,WASTE_TOTAL,109.487,t,M,SITE_PORTAL,2025-01-09
1790,106,2024-12,WATER_WD,8408.69,m3,M,SITE_PORTAL,2025-01-11
1795,106,2025-01,ENERGY_CONS,1359.21,MWh,M,SITE_PORTAL,2025-02-16
1798,106,2025-01,HOURS_WORKED,104708,hours,M,SAP_EHS,2025-02-18
1793,106,2025-01,SCOPE1_GHG,329985,kg,M,SITE_PORTAL,2025-02-17
1794,106,2025-01,SCOPE2_GHG,235782,kg,M,SAP_EHS,2025-02-17
1797,106,2025-01,WASTE_TOTAL,120.851,t,M,SAP_EHS,2025-02-12
1796,106,2025-01,WATER_WD,8206.82,m3,M,MANUAL_XLS,2025-02-09
1801,106,2025-02,ENERGY_CONS,1478.2,MWh,M,MANUAL_XLS,2025-03-16
1804,106,2025-02,HOURS_WORKED,102844,hours,M,SAP_EHS,2025-03-12
1799,106,2025-02,SCOPE1_GHG,293091,kg,M,SAP_EHS,2025-03-12
1800,106,2025-02,SCOPE2_GHG,247063,kg,M,SAP_EHS,2025-03-15
1803,106,2025-02,WASTE_TOTAL,103.061,t,M,SAP_EHS,2025-03-13
1802,106,2025-02,WATER_WD,6804.33,m3,M,SAP_EHS,2025-03-12
1807,106,2025-03,ENERGY_CONS,1228.81,MWh,M,MANUAL_XLS,2025-04-11
1810,106,2025-03,HOURS_WORKED,104287,hours,M,SAP_EHS,2025-04-15
1805,106,2025-03,SCOPE1_GHG,282061,kg,M,SAP_EHS,2025-04-12
1806,106,2025-03,SCOPE2_GHG,214988,kg,M,MANUAL_XLS,2025-04-20
1809,106,2025-03,WASTE_TOTAL,99.132,t,M,SAP_EHS,2025-04-15
1808,106,2025-03,WATER_WD,6660.68,m3,M,MANUAL_XLS,2025-04-10
1813,106,2025-04,ENERGY_CONS,1114.16,MWh,M,SITE_PORTAL,2025-05-09
1816,106,2025-04,HOURS_WORKED,107401,hours,M,SAP_EHS,2025-05-09
1811,106,2025-04,SCOPE1_GHG,283478,kg,M,SAP_EHS,2025-05-09
1812,106,2025-04,SCOPE2_GHG,216152,kg,M,MANUAL_XLS,2025-05-15
1815,106,2025-04,WASTE_TOTAL,95.374,t,M,SAP_EHS,2025-05-10
1814,106,2025-04,WATER_WD,6857.38,m3,M,SITE_PORTAL,2025-05-12
1819,106,2025-05,ENERGY_CONS,1073.51,MWh,M,SITE_PORTAL,2025-06-18
1822,106,2025-05,HOURS_WORKED,106347,hours,M,SAP_EHS,2025-06-12
1817,106,2025-05,SCOPE1_GHG,255796,kg,M,SITE_PORTAL,2025-06-16
1818,106,2025-05,SCOPE2_GHG,199737,kg,M,SAP_EHS,2025-06-08
1821,106,2025-05,WASTE_TOTAL,80.968,t,M,SAP_EHS,2025-06-09
1820,106,2025-05,WATER_WD,6148.91,m3,M,SITE_PORTAL,2025-06-12
1825,106,2025-06,ENERGY_CONS,1238.89,MWh,M,SAP_EHS,2025-07-20
1828,106,2025-06,HOURS_WORKED,108546,hours,M,SAP_EHS,2025-07-14
1823,106,2025-06,SCOPE1_GHG,273313,kg,M,SITE_PORTAL,2025-07-15
1824,106,2025-06,SCOPE2_GHG,196514,kg,M,SITE_PORTAL,2025-07-15
1827,106,2025-06,WASTE_TOTAL,83.866,t,M,SAP_EHS,2025-07-17
1826,106,2025-06,WATER_WD,5475.08,m3,M,SITE_PORTAL,2025-07-10
1831,106,2025-07,ENERGY_CONS,1138.32,MWh,M,SITE_PORTAL,2025-08-15
1834,106,2025-07,HOURS_WORKED,105361,hours,M,SAP_EHS,2025-08-17
1829,106,2025-07,SCOPE1_GHG,227584,kg,M,MANUAL_XLS,2025-08-19
1830,106,2025-07,SCOPE2_GHG,200918,kg,M,MANUAL_XLS,2025-08-17
1833,106,2025-07,WASTE_TOTAL,75.15,t,M,MANUAL_XLS,2025-08-20
1832,106,2025-07,WATER_WD,5159.78,m3,M,SITE_PORTAL,2025-08-09
1837,106,2025-08,ENERGY_CONS,1149.15,MWh,M,SITE_PORTAL,2025-09-19
1840,106,2025-08,HOURS_WORKED,104569,hours,M,SAP_EHS,2025-09-14
1835,106,2025-08,SCOPE1_GHG,260042,kg,M,MANUAL_XLS,2025-09-11
1836,106,2025-08,SCOPE2_GHG,164907,kg,M,SITE_PORTAL,2025-09-19
1839,106,2025-08,WASTE_TOTAL,79.956,t,M,SAP_EHS,2025-09-20
1838,106,2025-08,WATER_WD,5700.12,m3,M,SITE_PORTAL,2025-09-16
1843,106,2025-09,ENERGY_CONS,1264.7,MWh,M,SAP_EHS,2025-10-17
1846,106,2025-09,HOURS_WORKED,103720,hours,M,SAP_EHS,2025-10-19
1841,106,2025-09,SCOPE1_GHG,253231,kg,M,MANUAL_XLS,2025-10-16
1842,106,2025-09,SCOPE2_GHG,203662,kg,M,MANUAL_XLS,2025-10-15
1845,106,2025-09,WASTE_TOTAL,95.004,t,M,MANUAL_XLS,2025-10-08
1844,106,2025-09,WATER_WD,5632.19,m3,M,SITE_PORTAL,2025-10-16
1849,106,2025-10,ENERGY_CONS,1340.79,MWh,M,SITE_PORTAL,2025-11-17
1852,106,2025-10,HOURS_WORKED,101779,hours,M,SAP_EHS,2025-11-14
1847,106,2025-10,SCOPE1_GHG,295571,kg,M,MANUAL_XLS,2025-11-12
1848,106,2025-10,SCOPE2_GHG,201307,kg,M,MANUAL_XLS,2025-11-17
1851,106,2025-10,WASTE_TOTAL,91.987,t,M,SAP_EHS,2025-11-08
1850,106,2025-10,WATER_WD,6988.7,m3,M,SAP_EHS,2025-11-11
1855,106,2025-11,ENERGY_CONS,1441.24,MWh,M,SAP_EHS,2025-12-18
1858,106,2025-11,HOURS_WORKED,108839,hours,M,SAP_EHS,2025-12-18
1853,106,2025-11,SCOPE1_GHG,317143,kg,M,SITE_PORTAL,2025-12-19
1854,106,2025-11,SCOPE2_GHG,225649,kg,M,SITE_PORTAL,2025-12-20
1857,106,2025-11,WASTE_TOTAL,107.905,t,M,SITE_PORTAL,2025-12-18
1856,106,2025-11,WATER_WD,7210.13,m3,M,MANUAL_XLS,2025-12-09
1861,106,2025-12,ENERGY_CONS,1413.82,MWh,M,SITE_PORTAL,2026-01-16
1864,106,2025-12,HOURS_WORKED,100368,hours,M,SAP_EHS,2026-01-19
1859,106,2025-12,SCOPE1_GHG,350709,kg,M,SITE_PORTAL,2026-01-16
1860,106,2025-12,SCOPE2_GHG,223120,kg,M,SITE_PORTAL,2026-01-15
1863,106,2025-12,WASTE_TOTAL,103.846,t,M,MANUAL_XLS,2026-01-08
1862,106,2025-12,WATER_WD,7690.82,m3,M,SAP_EHS,2026-01-18
1867,107,2024-01,ENERGY_CONS,2319.05,MWh,M,SAP_EHS,2024-02-08
1870,107,2024-01,HOURS_WORKED,159124,hours,M,SAP_EHS,2024-02-10
1865,107,2024-01,SCOPE1_GHG,544.853,t,M,MANUAL_XLS,2024-02-19
1866,107,2024-01,SCOPE2_GHG,400.04,t,M,MANUAL_XLS,2024-02-18
1869,107,2024-01,WASTE_TOTAL,178.812,t,M,MANUAL_XLS,2024-02-13
1868,107,2024-01,WATER_WD,12380.3,m3,M,SAP_EHS,2024-02-18
1873,107,2024-02,ENERGY_CONS,2391.37,MWh,M,SAP_EHS,2024-03-08
1876,107,2024-02,HOURS_WORKED,156103,hours,M,SAP_EHS,2024-03-12
1871,107,2024-02,SCOPE1_GHG,486.295,t,M,MANUAL_XLS,2024-03-10
1872,107,2024-02,SCOPE2_GHG,372.431,t,M,SITE_PORTAL,2024-03-15
1875,107,2024-02,WASTE_TOTAL,187.689,t,M,SAP_EHS,2024-03-12
1874,107,2024-02,WATER_WD,12999.2,m3,M,SITE_PORTAL,2024-03-12
1879,107,2024-03,ENERGY_CONS,2341.6,MWh,M,MANUAL_XLS,2024-04-08
1882,107,2024-03,HOURS_WORKED,151957,hours,M,SAP_EHS,2024-04-08
1877,107,2024-03,SCOPE1_GHG,457.986,t,M,SITE_PORTAL,2024-04-19
1878,107,2024-03,SCOPE2_GHG,384.152,t,M,SITE_PORTAL,2024-04-19
1881,107,2024-03,WASTE_TOTAL,149.575,t,M,MANUAL_XLS,2024-04-09
1880,107,2024-03,WATER_WD,11800.5,m3,M,SAP_EHS,2024-04-08
1885,107,2024-04,ENERGY_CONS,2040.57,MWh,M,SITE_PORTAL,2024-05-17
1888,107,2024-04,HOURS_WORKED,155100,hours,M,SAP_EHS,2024-05-20
1883,107,2024-04,SCOPE1_GHG,468.529,t,M,MANUAL_XLS,2024-05-19
1884,107,2024-04,SCOPE2_GHG,358.659,t,M,SITE_PORTAL,2024-05-13
1887,107,2024-04,WASTE_TOTAL,156.153,t,M,MANUAL_XLS,2024-05-08
1886,107,2024-04,WATER_WD,10785.9,m3,M,MANUAL_XLS,2024-05-09
1891,107,2024-05,ENERGY_CONS,2020.57,MWh,M,SAP_EHS,2024-06-20
1894,107,2024-05,HOURS_WORKED,166087,hours,M,SAP_EHS,2024-06-13
1889,107,2024-05,SCOPE1_GHG,450.29,t,M,MANUAL_XLS,2024-06-13
1890,107,2024-05,SCOPE2_GHG,299.212,t,M,SAP_EHS,2024-06-11
1893,107,2024-05,WASTE_TOTAL,147.965,t,M,SAP_EHS,2024-06-10
1892,107,2024-05,WATER_WD,9116.21,m3,M,SAP_EHS,2024-06-10
1897,107,2024-06,ENERGY_CONS,1976.68,MWh,M,SAP_EHS,2024-07-12
1900,107,2024-06,HOURS_WORKED,154409,hours,M,SAP_EHS,2024-07-14
1895,107,2024-06,SCOPE1_GHG,446.279,t,M,MANUAL_XLS,2024-07-19
1896,107,2024-06,SCOPE2_GHG,336.794,t,M,SAP_EHS,2024-07-12
1899,107,2024-06,WASTE_TOTAL,142.498,t,M,MANUAL_XLS,2024-07-18
1898,107,2024-06,WATER_WD,9732.8,m3,M,SAP_EHS,2024-07-17
1903,107,2024-07,ENERGY_CONS,1728.19,MWh,M,MANUAL_XLS,2024-08-09
1906,107,2024-07,HOURS_WORKED,162205,hours,M,SAP_EHS,2024-08-10
1901,107,2024-07,SCOPE1_GHG,388.888,t,M,MANUAL_XLS,2024-08-12
1902,107,2024-07,SCOPE2_GHG,272.779,t,M,SAP_EHS,2024-08-11
1905,107,2024-07,WASTE_TOTAL,132.487,t,M,SAP_EHS,2024-08-18
1904,107,2024-07,WATER_WD,8832.45,m3,M,SITE_PORTAL,2024-08-17
1909,107,2024-08,ENERGY_CONS,1605.78,MWh,M,SITE_PORTAL,2024-09-14
1912,107,2024-08,HOURS_WORKED,159350,hours,M,SAP_EHS,2024-09-13
1907,107,2024-08,SCOPE1_GHG,423.668,t,M,MANUAL_XLS,2024-09-20
1908,107,2024-08,SCOPE2_GHG,270.316,t,M,SITE_PORTAL,2024-09-20
1911,107,2024-08,WASTE_TOTAL,144.89,t,M,MANUAL_XLS,2024-09-08
1910,107,2024-08,WATER_WD,8735.05,m3,M,SITE_PORTAL,2024-09-15
1915,107,2024-09,ENERGY_CONS,2016.29,MWh,M,MANUAL_XLS,2024-10-19
1918,107,2024-09,HOURS_WORKED,166207,hours,M,SAP_EHS,2024-10-14
1913,107,2024-09,SCOPE1_GHG,436.646,t,M,MANUAL_XLS,2024-10-11
1914,107,2024-09,SCOPE2_GHG,328.276,t,M,SAP_EHS,2024-10-13
1917,107,2024-09,WASTE_TOTAL,133.169,t,M,SITE_PORTAL,2024-10-19
1916,107,2024-09,WATER_WD,9535.21,m3,M,SAP_EHS,2024-10-11
1921,107,2024-10,ENERGY_CONS,1964.8,MWh,M,MANUAL_XLS,2024-11-08
1924,107,2024-10,HOURS_WORKED,159897,hours,M,SAP_EHS,2024-11-17
1919,107,2024-10,SCOPE1_GHG,445.474,t,M,SAP_EHS,2024-11-13
1920,107,2024-10,SCOPE2_GHG,367.153,t,M,SAP_EHS,2024-11-11
1923,107,2024-10,WASTE_TOTAL,170.783,t,M,SAP_EHS,2024-11-11
1922,107,2024-10,WATER_WD,10065.7,m3,M,SAP_EHS,2024-11-19
1927,107,2024-11,ENERGY_CONS,2455.14,MWh,M,MANUAL_XLS,2024-12-20
1930,107,2024-11,HOURS_WORKED,164011,hours,M,SAP_EHS,2024-12-12
1925,107,2024-11,SCOPE1_GHG,541.084,t,M,SITE_PORTAL,2024-12-08
1926,107,2024-11,SCOPE2_GHG,350.965,t,M,MANUAL_XLS,2024-12-11
1929,107,2024-11,WASTE_TOTAL,177.668,t,M,SITE_PORTAL,2024-12-14
1928,107,2024-11,WATER_WD,11662,m3,M,SAP_EHS,2024-12-16
1933,107,2024-12,ENERGY_CONS,2249.42,MWh,M,SAP_EHS,2025-01-12
1936,107,2024-12,HOURS_WORKED,161286,hours,M,SAP_EHS,2025-01-08
1931,107,2024-12,SCOPE1_GHG,493.511,t,M,SAP_EHS,2025-01-09
1932,107,2024-12,SCOPE2_GHG,390.255,t,M,SITE_PORTAL,2025-01-13
1935,107,2024-12,WASTE_TOTAL,191.979,t,M,SAP_EHS,2025-01-09
1934,107,2024-12,WATER_WD,13111.1,m3,M,MANUAL_XLS,2025-01-11
1939,107,2025-01,ENERGY_CONS,2359.53,MWh,M,SITE_PORTAL,2025-02-20
1942,107,2025-01,HOURS_WORKED,153209,hours,M,SAP_EHS,2025-02-11
1937,107,2025-01,SCOPE1_GHG,462.596,t,M,MANUAL_XLS,2025-02-19
1938,107,2025-01,SCOPE2_GHG,386.987,t,M,MANUAL_XLS,2025-02-10
1941,107,2025-01,WASTE_TOTAL,158.004,t,M,SAP_EHS,2025-02-17
1940,107,2025-01,WATER_WD,12202.4,m3,M,MANUAL_XLS,2025-02-14
1945,107,2025-02,ENERGY_CONS,2387.11,MWh,M,MANUAL_XLS,2025-03-10
1948,107,2025-02,HOURS_WORKED,161574,hours,M,SAP_EHS,2025-03-11
1943,107,2025-02,SCOPE1_GHG,511.118,t,M,MANUAL_XLS,2025-03-19
1944,107,2025-02,SCOPE2_GHG,399.929,t,M,MANUAL_XLS,2025-03-08
1947,107,2025-02,WASTE_TOTAL,157.196,t,M,SAP_EHS,2025-03-11
1946,107,2025-02,WATER_WD,11554.1,m3,M,SITE_PORTAL,2025-03-15
1951,107,2025-03,ENERGY_CONS,2050.82,MWh,M,MANUAL_XLS,2025-04-13
1954,107,2025-03,HOURS_WORKED,158605,hours,M,SAP_EHS,2025-04-11
1949,107,2025-03,SCOPE1_GHG,418.187,t,M,MANUAL_XLS,2025-04-08
1950,107,2025-03,SCOPE2_GHG,346.743,t,M,MANUAL_XLS,2025-04-12
1953,107,2025-03,WASTE_TOTAL,145.987,t,M,SITE_PORTAL,2025-04-09
1952,107,2025-03,WATER_WD,11158.6,m3,M,SAP_EHS,2025-04-10
1957,107,2025-04,ENERGY_CONS,1787.44,MWh,M,SAP_EHS,2025-05-20
1960,107,2025-04,HOURS_WORKED,167035,hours,M,SAP_EHS,2025-05-17
1955,107,2025-04,SCOPE1_GHG,416.066,t,M,MANUAL_XLS,2025-05-10
1956,107,2025-04,SCOPE2_GHG,323.898,t,M,SAP_EHS,2025-05-20
1959,107,2025-04,WASTE_TOTAL,128.567,t,M,MANUAL_XLS,2025-05-11
1958,107,2025-04,WATER_WD,10280.8,m3,M,MANUAL_XLS,2025-05-20
1963,107,2025-05,ENERGY_CONS,1652.67,MWh,M,MANUAL_XLS,2025-06-14
1966,107,2025-05,HOURS_WORKED,162697,hours,M,SAP_EHS,2025-06-10
1961,107,2025-05,SCOPE1_GHG,388.993,t,M,MANUAL_XLS,2025-06-13
1962,107,2025-05,SCOPE2_GHG,313.203,t,M,SITE_PORTAL,2025-06-20
1965,107,2025-05,WASTE_TOTAL,127.365,t,M,MANUAL_XLS,2025-06-13
1964,107,2025-05,WATER_WD,9468.58,m3,M,SAP_EHS,2025-06-12
1969,107,2025-06,ENERGY_CONS,1563.93,MWh,M,MANUAL_XLS,2025-07-15
1972,107,2025-06,HOURS_WORKED,155673,hours,M,SAP_EHS,2025-07-10
1967,107,2025-06,SCOPE1_GHG,426.446,t,M,SAP_EHS,2025-07-09
1968,107,2025-06,SCOPE2_GHG,311.713,t,M,MANUAL_XLS,2025-07-14
1971,107,2025-06,WASTE_TOTAL,120.657,t,M,MANUAL_XLS,2025-07-10
1970,107,2025-06,WATER_WD,8137.67,m3,M,MANUAL_XLS,2025-07-10
1975,107,2025-07,ENERGY_CONS,1674.4,MWh,M,SAP_EHS,2025-08-08
1978,107,2025-07,HOURS_WORKED,152678,hours,M,SAP_EHS,2025-08-11
1973,107,2025-07,SCOPE1_GHG,376.519,t,M,SITE_PORTAL,2025-08-13
1974,107,2025-07,SCOPE2_GHG,283.216,t,M,MANUAL_XLS,2025-08-16
1977,107,2025-07,WASTE_TOTAL,123.611,t,M,SAP_EHS,2025-08-15
1976,107,2025-07,WATER_WD,8702.09,m3,M,SITE_PORTAL,2025-08-19
1981,107,2025-08,ENERGY_CONS,1654.56,MWh,M,MANUAL_XLS,2025-09-13
1984,107,2025-08,HOURS_WORKED,165197,hours,M,SAP_EHS,2025-09-16
1979,107,2025-08,SCOPE1_GHG,384.797,t,M,SITE_PORTAL,2025-09-13
1980,107,2025-08,SCOPE2_GHG,270.026,t,M,SITE_PORTAL,2025-09-09
1983,107,2025-08,WASTE_TOTAL,121.112,t,M,SAP_EHS,2025-09-13
1982,107,2025-08,WATER_WD,8256.88,m3,M,SAP_EHS,2025-09-20
1987,107,2025-09,ENERGY_CONS,1927.21,MWh,M,SITE_PORTAL,2025-10-17
1990,107,2025-09,HOURS_WORKED,155105,hours,M,SAP_EHS,2025-10-08
1985,107,2025-09,SCOPE1_GHG,428.813,t,M,MANUAL_XLS,2025-10-15
1986,107,2025-09,SCOPE2_GHG,315.963,t,M,SITE_PORTAL,2025-10-08
1989,107,2025-09,WASTE_TOTAL,126.913,t,M,MANUAL_XLS,2025-10-15
1988,107,2025-09,WATER_WD,8435.25,m3,M,SITE_PORTAL,2025-10-10
1993,107,2025-10,ENERGY_CONS,1911.76,MWh,M,MANUAL_XLS,2025-11-19
1996,107,2025-10,HOURS_WORKED,156744,hours,M,SAP_EHS,2025-11-11
1991,107,2025-10,SCOPE1_GHG,470.616,t,M,SAP_EHS,2025-11-16
1992,107,2025-10,SCOPE2_GHG,302.846,t,M,SITE_PORTAL,2025-11-08
1995,107,2025-10,WASTE_TOTAL,137.082,t,M,SITE_PORTAL,2025-11-16
1994,107,2025-10,WATER_WD,11055.6,m3,M,SITE_PORTAL,2025-11-11
1999,107,2025-11,ENERGY_CONS,2013.09,MWh,M,MANUAL_XLS,2025-12-13
2002,107,2025-11,HOURS_WORKED,164219,hours,M,SAP_EHS,2025-12-08
1997,107,2025-11,SCOPE1_GHG,444.815,t,M,MANUAL_XLS,2025-12-13
1998,107,2025-11,SCOPE2_GHG,353.526,t,M,SITE_PORTAL,2025-12-14
2001,107,2025-11,WASTE_TOTAL,174.042,t,M,SITE_PORTAL,2025-12-15
2000,107,2025-11,WATER_WD,10708.8,m3,M,MANUAL_XLS,2025-12-18
2005,107,2025-12,ENERGY_CONS,2245.06,MWh,M,SAP_EHS,2026-01-11
2008,107,2025-12,HOURS_WORKED,156205,hours,M,SAP_EHS,2026-01-15
2003,107,2025-12,SCOPE1_GHG,478.229,t,M,SITE_PORTAL,2026-01-15
2004,107,2025-12,SCOPE2_GHG,370.746,t,M,SAP_EHS,2026-01-08
2007,107,2025-12,WASTE_TOTAL,178.585,t,M,SAP_EHS,2026-01-13
2006,107,2025-12,WATER_WD,11294.1,m3,M,SITE_PORTAL,2026-01-11
2011,108,2024-01,ENERGY_CONS,2086.74,MWh,M,SAP_EHS,2024-02-15
2014,108,2024-01,HOURS_WORKED,123883,hours,M,SAP_EHS,2024-02-12
2009,108,2024-01,SCOPE1_GHG,468.168,t,M,MANUAL_XLS,2024-02-10
2010,108,2024-01,SCOPE2_GHG,337.316,t,M,SITE_PORTAL,2024-02-18
2013,108,2024-01,WASTE_TOTAL,159.188,t,M,SITE_PORTAL,2024-02-11
2012,108,2024-01,WATER_WD,9104.6,m3,M,SAP_EHS,2024-02-19
2017,108,2024-02,ENERGY_CONS,1767.45,MWh,M,SITE_PORTAL,2024-03-20
2020,108,2024-02,HOURS_WORKED,129986,hours,M,SAP_EHS,2024-03-20
2015,108,2024-02,SCOPE1_GHG,408.277,t,M,MANUAL_XLS,2024-03-14
2016,108,2024-02,SCOPE2_GHG,287.169,t,M,SAP_EHS,2024-03-12
2019,108,2024-02,WASTE_TOTAL,152.327,t,M,MANUAL_XLS,2024-03-10
2018,108,2024-02,WATER_WD,10138,m3,M,MANUAL_XLS,2024-03-19
2023,108,2024-03,ENERGY_CONS,1698.09,MWh,M,SAP_EHS,2024-04-20
2026,108,2024-03,HOURS_WORKED,132274,hours,M,SAP_EHS,2024-04-13
2021,108,2024-03,SCOPE1_GHG,422.878,t,M,SAP_EHS,2024-04-13
2022,108,2024-03,SCOPE2_GHG,275.852,t,M,SAP_EHS,2024-04-10
2025,108,2024-03,WASTE_TOTAL,130.993,t,M,SITE_PORTAL,2024-04-19
2024,108,2024-03,WATER_WD,8932.4,m3,M,SAP_EHS,2024-04-19
2029,108,2024-04,ENERGY_CONS,1467.26,MWh,M,SITE_PORTAL,2024-05-10
2032,108,2024-04,HOURS_WORKED,130039,hours,M,SAP_EHS,2024-05-13
2027,108,2024-04,SCOPE1_GHG,394.769,t,M,MANUAL_XLS,2024-05-14
2028,108,2024-04,SCOPE2_GHG,243.02,t,M,SAP_EHS,2024-05-11
2031,108,2024-04,WASTE_TOTAL,129.866,t,M,SITE_PORTAL,2024-05-09
2030,108,2024-04,WATER_WD,7851.37,m3,M,SAP_EHS,2024-05-12
2035,108,2024-05,ENERGY_CONS,1421.86,MWh,M,SITE_PORTAL,2024-06-11
2038,108,2024-05,HOURS_WORKED,125129,hours,M,SAP_EHS,2024-06-18
2033,108,2024-05,SCOPE1_GHG,318.095,t,M,SITE_PORTAL,2024-06-09
2034,108,2024-05,SCOPE2_GHG,240.324,t,M,SITE_PORTAL,2024-06-08
2037,108,2024-05,WASTE_TOTAL,114.707,t,M,SITE_PORTAL,2024-06-13
2036,108,2024-05,WATER_WD,8064.92,m3,M,MANUAL_XLS,2024-06-18
2041,108,2024-06,ENERGY_CONS,1601.66,MWh,M,SITE_PORTAL,2024-07-10
2044,108,2024-06,HOURS_WORKED,129737,hours,M,SAP_EHS,2024-07-16
2039,108,2024-06,SCOPE1_GHG,323.274,t,M,SAP_EHS,2024-07-15
2040,108,2024-06,SCOPE2_GHG,247.318,t,M,SITE_PORTAL,2024-07-19
2043,108,2024-06,WASTE_TOTAL,113.658,t,M,SAP_EHS,2024-07-10
2042,108,2024-06,WATER_WD,7351.46,m3,M,SITE_PORTAL,2024-07-08
2047,108,2024-07,ENERGY_CONS,1480.82,MWh,M,SITE_PORTAL,2024-08-19
2050,108,2024-07,HOURS_WORKED,128329,hours,M,SAP_EHS,2024-08-08
2045,108,2024-07,SCOPE1_GHG,299.522,t,M,SITE_PORTAL,2024-08-19
2046,108,2024-07,SCOPE2_GHG,263.601,t,M,SITE_PORTAL,2024-08-16
2049,108,2024-07,WASTE_TOTAL,118.127,t,M,MANUAL_XLS,2024-08-13
2048,108,2024-07,WATER_WD,7215.11,m3,M,SITE_PORTAL,2024-08-16
2053,108,2024-08,ENERGY_CONS,1417.53,MWh,M,MANUAL_XLS,2024-09-12
2056,108,2024-08,HOURS_WORKED,134212,hours,M,SAP_EHS,2024-09-11
2051,108,2024-08,SCOPE1_GHG,297.218,t,M,SAP_EHS,2024-09-08
2052,108,2024-08,SCOPE2_GHG,238.468,t,M,MANUAL_XLS,2024-09-20
2055,108,2024-08,WASTE_TOTAL,105.127,t,M,SITE_PORTAL,2024-09-18
2054,108,2024-08,WATER_WD,6611.49,m3,M,SAP_EHS,2024-09-18
2059,108,2024-09,ENERGY_CONS,1442.58,MWh,M,SAP_EHS,2024-10-20
2062,108,2024-09,HOURS_WORKED,128995,hours,M,SAP_EHS,2024-10-09
2057,108,2024-09,SCOPE1_GHG,325.838,t,M,MANUAL_XLS,2024-10-14
2058,108,2024-09,SCOPE2_GHG,263.591,t,M,MANUAL_XLS,2024-10-11
2061,108,2024-09,WASTE_TOTAL,113.647,t,M,SAP_EHS,2024-10-12
2060,108,2024-09,WATER_WD,7875.21,m3,M,SAP_EHS,2024-10-13
2065,108,2024-10,ENERGY_CONS,1630.29,MWh,M,MANUAL_XLS,2024-11-10
2068,108,2024-10,HOURS_WORKED,130296,hours,M,SAP_EHS,2024-11-08
2063,108,2024-10,SCOPE1_GHG,354.216,t,M,SITE_PORTAL,2024-11-17
2064,108,2024-10,SCOPE2_GHG,258.642,t,M,SAP_EHS,2024-11-16
2067,108,2024-10,WASTE_TOTAL,121.52,t,M,SITE_PORTAL,2024-11-12
2066,108,2024-10,WATER_WD,7936.25,m3,M,SAP_EHS,2024-11-20
2071,108,2024-11,ENERGY_CONS,1982.55,MWh,M,SITE_PORTAL,2024-12-14
2074,108,2024-11,HOURS_WORKED,134677,hours,M,SAP_EHS,2024-12-09
2069,108,2024-11,SCOPE1_GHG,381.898,t,M,SITE_PORTAL,2024-12-15
2070,108,2024-11,SCOPE2_GHG,314.592,t,M,MANUAL_XLS,2024-12-19
2073,108,2024-11,WASTE_TOTAL,144.423,t,M,SITE_PORTAL,2024-12-11
2072,108,2024-11,WATER_WD,8878.22,m3,M,SITE_PORTAL,2024-12-16
2077,108,2024-12,ENERGY_CONS,2083.93,MWh,M,SAP_EHS,2025-01-19
2080,108,2024-12,HOURS_WORKED,131243,hours,M,SAP_EHS,2025-01-20
2075,108,2024-12,SCOPE1_GHG,452.372,t,M,SAP_EHS,2025-01-17
2076,108,2024-12,SCOPE2_GHG,345.794,t,M,SAP_EHS,2025-01-08
2079,108,2024-12,WASTE_TOTAL,139.124,t,M,SAP_EHS,2025-01-09
2078,108,2024-12,WATER_WD,10046.2,m3,M,SAP_EHS,2025-01-11
2083,108,2025-01,ENERGY_CONS,1712.34,MWh,M,MANUAL_XLS,2025-02-08
2086,108,2025-01,HOURS_WORKED,134805,hours,M,SAP_EHS,2025-02-15
2081,108,2025-01,SCOPE1_GHG,454.029,t,M,SITE_PORTAL,2025-02-10
2082,108,2025-01,SCOPE2_GHG,306.32,t,M,MANUAL_XLS,2025-02-13
2085,108,2025-01,WASTE_TOTAL,130.301,t,M,SITE_PORTAL,2025-02-10
2084,108,2025-01,WATER_WD,9005.09,m3,M,MANUAL_XLS,2025-02-10
2089,108,2025-02,ENERGY_CONS,-1795.63,MWh,M,SITE_PORTAL,2025-03-17
2092,108,2025-02,HOURS_WORKED,130688,hours,M,SAP_EHS,2025-03-19
2087,108,2025-02,SCOPE1_GHG,404.435,t,M,MANUAL_XLS,2025-03-11
2088,108,2025-02,SCOPE2_GHG,317.357,t,M,SITE_PORTAL,2025-03-09
2091,108,2025-02,WASTE_TOTAL,132.334,t,M,SAP_EHS,2025-03-14
2090,108,2025-02,WATER_WD,9920.28,m3,M,SAP_EHS,2025-03-18
2095,108,2025-03,ENERGY_CONS,1581.26,MWh,M,SAP_EHS,2025-04-20
2098,108,2025-03,HOURS_WORKED,132961,hours,M,SAP_EHS,2025-04-14
2093,108,2025-03,SCOPE1_GHG,384.588,t,M,MANUAL_XLS,2025-04-15
2094,108,2025-03,SCOPE2_GHG,252.187,t,M,MANUAL_XLS,2025-04-12
2097,108,2025-03,WASTE_TOTAL,111.728,t,M,SITE_PORTAL,2025-04-09
2096,108,2025-03,WATER_WD,9092.91,m3,M,MANUAL_XLS,2025-04-09
2101,108,2025-04,ENERGY_CONS,1537.34,MWh,M,SAP_EHS,2025-05-09
2104,108,2025-04,HOURS_WORKED,122978,hours,M,SAP_EHS,2025-05-08
2099,108,2025-04,SCOPE1_GHG,373.965,t,M,MANUAL_XLS,2025-05-10
2100,108,2025-04,SCOPE2_GHG,241.234,t,M,SAP_EHS,2025-05-17
2103,108,2025-04,WASTE_TOTAL,122.781,t,M,SITE_PORTAL,2025-05-13
2102,108,2025-04,WATER_WD,6961.26,m3,M,SAP_EHS,2025-05-17
2107,108,2025-05,ENERGY_CONS,1306.98,MWh,M,SITE_PORTAL,2025-06-10
2110,108,2025-05,HOURS_WORKED,135141,hours,M,SAP_EHS,2025-06-09
2105,108,2025-05,SCOPE1_GHG,326.718,t,M,SAP_EHS,2025-06-11
2106,108,2025-05,SCOPE2_GHG,226.624,t,M,MANUAL_XLS,2025-06-19
2109,108,2025-05,WASTE_TOTAL,101.872,t,M,SAP_EHS,2025-06-19
2108,108,2025-05,WATER_WD,7231.72,m3,M,SITE_PORTAL,2025-06-08
2113,108,2025-06,ENERGY_CONS,1430,MWh,M,MANUAL_XLS,2025-07-17
2116,108,2025-06,HOURS_WORKED,126982,hours,M,SAP_EHS,2025-07-16
2111,108,2025-06,SCOPE1_GHG,308.417,t,M,MANUAL_XLS,2025-07-08
2112,108,2025-06,SCOPE2_GHG,239.931,t,M,MANUAL_XLS,2025-07-09
2115,108,2025-06,WASTE_TOTAL,106.19,t,M,SITE_PORTAL,2025-07-14
2114,108,2025-06,WATER_WD,7038.63,m3,M,SAP_EHS,2025-07-17
2119,108,2025-07,ENERGY_CONS,1322.39,MWh,M,SAP_EHS,2025-08-15
2122,108,2025-07,HOURS_WORKED,133393,hours,M,SAP_EHS,2025-08-17
2117,108,2025-07,SCOPE1_GHG,335.747,t,M,SAP_EHS,2025-08-16
2118,108,2025-07,SCOPE2_GHG,211.798,t,M,MANUAL_XLS,2025-08-15
2121,108,2025-07,WASTE_TOTAL,113.094,t,M,MANUAL_XLS,2025-08-12
2120,108,2025-07,WATER_WD,6950.73,m3,M,MANUAL_XLS,2025-08-19
2125,108,2025-10,ENERGY_CONS,1545.82,MWh,M,SAP_EHS,2025-11-18
2128,108,2025-10,HOURS_WORKED,134935,hours,M,SAP_EHS,2025-11-13
2123,108,2025-10,SCOPE1_GHG,327.957,t,M,SITE_PORTAL,2025-11-18
2124,108,2025-10,SCOPE2_GHG,268.538,t,M,SITE_PORTAL,2025-11-13
2127,108,2025-10,WASTE_TOTAL,109.941,t,M,SITE_PORTAL,2025-11-11
2126,108,2025-10,WATER_WD,7620.99,m3,M,MANUAL_XLS,2025-11-13
2131,108,2025-11,ENERGY_CONS,1758.22,MWh,M,SITE_PORTAL,2025-12-08
2134,108,2025-11,HOURS_WORKED,129040,hours,M,SAP_EHS,2025-12-20
2129,108,2025-11,SCOPE1_GHG,360.343,t,M,SAP_EHS,2025-12-20
2130,108,2025-11,SCOPE2_GHG,297.409,t,M,SITE_PORTAL,2025-12-09
2133,108,2025-11,WASTE_TOTAL,129.323,t,M,SAP_EHS,2025-12-13
2132,108,2025-11,WATER_WD,9586.48,m3,M,SITE_PORTAL,2025-12-15
2137,108,2025-12,ENERGY_CONS,1970.54,MWh,M,SAP_EHS,2026-01-12
2140,108,2025-12,HOURS_WORKED,130127,hours,M,SAP_EHS,2026-01-20
2135,108,2025-12,SCOPE1_GHG,401.749,t,M,SITE_PORTAL,2026-01-20
2136,108,2025-12,SCOPE2_GHG,320.011,t,M,SITE_PORTAL,2026-01-13
2139,108,2025-12,WASTE_TOTAL,123.158,t,M,MANUAL_XLS,2026-01-15
2138,108,2025-12,WATER_WD,8768.44,m3,M,SITE_PORTAL,2026-01-12
2143,109,2024-01,ENERGY_CONS,11308.9,GJ,M,SITE_PORTAL,2024-02-15
2141,109,2024-01,SCOPE1_GHG,697.325,t,M,SAP_EHS,2024-02-08
2142,109,2024-01,SCOPE2_GHG,566.878,t,M,SAP_EHS,2024-02-16
2145,109,2024-01,WASTE_TOTAL,251.375,t,M,MANUAL_XLS,2024-02-08
2144,109,2024-01,WATER_WD,15571.7,m3,M,SITE_PORTAL,2024-02-18
2148,109,2024-02,ENERGY_CONS,11648.7,GJ,M,SITE_PORTAL,2024-03-13
2146,109,2024-02,SCOPE1_GHG,710.054,t,M,MANUAL_XLS,2024-03-11
2147,109,2024-02,SCOPE2_GHG,478.055,t,M,MANUAL_XLS,2024-03-19
2150,109,2024-02,WASTE_TOTAL,229.559,t,M,SITE_PORTAL,2024-03-16
2149,109,2024-02,WATER_WD,15556.3,m3,M,SAP_EHS,2024-03-18
2153,109,2024-03,ENERGY_CONS,11530.3,GJ,M,SITE_PORTAL,2024-04-14
2156,109,2024-03,HOURS_WORKED,656101,hours,Q,SAP_EHS,2024-04-18
2151,109,2024-03,SCOPE1_GHG,675.53,t,M,MANUAL_XLS,2024-04-14
2152,109,2024-03,SCOPE2_GHG,486.939,t,M,MANUAL_XLS,2024-04-15
2155,109,2024-03,WASTE_TOTAL,235.274,t,M,SAP_EHS,2024-04-12
2154,109,2024-03,WATER_WD,14820.7,m3,M,SITE_PORTAL,2024-04-08
2159,109,2024-04,ENERGY_CONS,9390.17,GJ,M,SITE_PORTAL,2024-05-13
2157,109,2024-04,SCOPE1_GHG,657.103,t,M,MANUAL_XLS,2024-05-14
2158,109,2024-04,SCOPE2_GHG,434.45,t,M,SITE_PORTAL,2024-05-18
2161,109,2024-04,WASTE_TOTAL,219.25,t,M,SITE_PORTAL,2024-05-19
2160,109,2024-04,WATER_WD,14597.7,m3,M,SITE_PORTAL,2024-05-14
2164,109,2024-05,ENERGY_CONS,8721.07,GJ,M,MANUAL_XLS,2024-06-08
2162,109,2024-05,SCOPE1_GHG,635.514,t,M,SAP_EHS,2024-06-10
2163,109,2024-05,SCOPE2_GHG,407.668,t,M,SAP_EHS,2024-06-16
2166,109,2024-05,WASTE_TOTAL,175.63,t,M,SAP_EHS,2024-06-16
2165,109,2024-05,WATER_WD,13683.3,m3,M,SAP_EHS,2024-06-08
2169,109,2024-06,ENERGY_CONS,8601.9,GJ,M,SITE_PORTAL,2024-07-12
2172,109,2024-06,HOURS_WORKED,675311,hours,Q,SAP_EHS,2024-07-17
2167,109,2024-06,SCOPE1_GHG,578.839,t,M,SAP_EHS,2024-07-15
2168,109,2024-06,SCOPE2_GHG,421.519,t,M,MANUAL_XLS,2024-07-13
2171,109,2024-06,WASTE_TOTAL,185.265,t,M,SAP_EHS,2024-07-18
2170,109,2024-06,WATER_WD,13688.9,m3,M,MANUAL_XLS,2024-07-16
2175,109,2024-07,ENERGY_CONS,9117.51,GJ,M,SAP_EHS,2024-08-20
2173,109,2024-07,SCOPE1_GHG,510.749,t,M,SAP_EHS,2024-08-20
2174,109,2024-07,SCOPE2_GHG,408.156,t,M,SAP_EHS,2024-08-12
2177,109,2024-07,WASTE_TOTAL,198.565,t,M,SITE_PORTAL,2024-08-11
2176,109,2024-07,WATER_WD,13630.9,m3,M,SITE_PORTAL,2024-08-20
2180,109,2024-08,ENERGY_CONS,8604.73,GJ,M,SITE_PORTAL,2024-09-14
2178,109,2024-08,SCOPE1_GHG,508.771,t,M,SITE_PORTAL,2024-09-13
2179,109,2024-08,SCOPE2_GHG,385.152,t,M,SITE_PORTAL,2024-09-13
2182,109,2024-08,WASTE_TOTAL,162.668,t,M,MANUAL_XLS,2024-09-13
2181,109,2024-08,WATER_WD,13253.5,m3,M,SAP_EHS,2024-09-17
2185,109,2024-09,ENERGY_CONS,10005.6,GJ,M,MANUAL_XLS,2024-10-20
2188,109,2024-09,HOURS_WORKED,629476,hours,Q,SAP_EHS,2024-10-11
2183,109,2024-09,SCOPE1_GHG,611.239,t,M,SITE_PORTAL,2024-10-11
2184,109,2024-09,SCOPE2_GHG,443.315,t,M,SITE_PORTAL,2024-10-18
2187,109,2024-09,WASTE_TOTAL,198.073,t,M,SITE_PORTAL,2024-10-16
2186,109,2024-09,WATER_WD,12582.3,m3,M,SITE_PORTAL,2024-10-18
2191,109,2024-10,ENERGY_CONS,9615.24,GJ,M,SAP_EHS,2024-11-18
2189,109,2024-10,SCOPE1_GHG,657.646,t,M,MANUAL_XLS,2024-11-20
2190,109,2024-10,SCOPE2_GHG,526.8,t,M,SITE_PORTAL,2024-11-19
2193,109,2024-10,WASTE_TOTAL,224.958,t,M,SAP_EHS,2024-11-10
2192,109,2024-10,WATER_WD,14006.7,m3,M,SAP_EHS,2024-11-11
2196,109,2024-11,ENERGY_CONS,11035.5,GJ,M,SAP_EHS,2024-12-16
2194,109,2024-11,SCOPE1_GHG,703.001,t,M,SITE_PORTAL,2024-12-20
2195,109,2024-11,SCOPE2_GHG,474.29,t,M,SITE_PORTAL,2024-12-19
2198,109,2024-11,WASTE_TOTAL,236.732,t,M,SAP_EHS,2024-12-18
2197,109,2024-11,WATER_WD,16092,m3,M,MANUAL_XLS,2024-12-09
2201,109,2024-12,ENERGY_CONS,12614.1,GJ,M,SITE_PORTAL,2025-01-20
2204,109,2024-12,HOURS_WORKED,630013,hours,Q,SAP_EHS,2025-01-13
2199,109,2024-12,SCOPE1_GHG,734.598,t,M,SAP_EHS,2025-01-12
2200,109,2024-12,SCOPE2_GHG,506.961,t,M,SAP_EHS,2025-01-12
2203,109,2024-12,WASTE_TOTAL,254.702,t,M,SAP_EHS,2025-01-16
2202,109,2024-12,WATER_WD,17137,m3,M,SITE_PORTAL,2025-01-09
2207,109,2025-01,ENERGY_CONS,11326,GJ,M,SITE_PORTAL,2025-02-19
2205,109,2025-01,SCOPE1_GHG,708.35,t,M,MANUAL_XLS,2025-02-14
2675,109,2025-01,SCOPE1_GHG,820.134,t,M,MANUAL_XLS,2025-03-31
2676,109,2025-01,SCOPE1_GHG,618.644,t,M,MANUAL_XLS,2025-05-15
2206,109,2025-01,SCOPE2_GHG,549.887,t,M,MANUAL_XLS,2025-02-10
2209,109,2025-01,WASTE_TOTAL,249.342,t,M,SAP_EHS,2025-02-08
2208,109,2025-01,WATER_WD,17240.5,m3,M,SAP_EHS,2025-02-19
2212,109,2025-02,ENERGY_CONS,11648.7,GJ,M,SAP_EHS,2025-03-12
2210,109,2025-02,SCOPE1_GHG,616.698,t,M,SAP_EHS,2025-03-15
2211,109,2025-02,SCOPE2_GHG,463.261,t,M,MANUAL_XLS,2025-03-08
2214,109,2025-02,WASTE_TOTAL,206.798,t,M,MANUAL_XLS,2025-03-20
2213,109,2025-02,WATER_WD,15026.7,m3,M,SAP_EHS,2025-03-17
2217,109,2025-03,ENERGY_CONS,10308.4,GJ,M,SITE_PORTAL,2025-04-15
2220,109,2025-03,HOURS_WORKED,634433,hours,Q,SAP_EHS,2025-04-15
2215,109,2025-03,SCOPE1_GHG,578.849,t,M,MANUAL_XLS,2025-04-18
2216,109,2025-03,SCOPE2_GHG,491.223,t,M,SITE_PORTAL,2025-04-13
2219,109,2025-03,WASTE_TOTAL,216.588,t,M,MANUAL_XLS,2025-04-20
2218,109,2025-03,WATER_WD,15166.1,m3,M,SAP_EHS,2025-04-10
2223,109,2025-04,ENERGY_CONS,8983.3,GJ,M,SAP_EHS,2025-05-13
2221,109,2025-04,SCOPE1_GHG,607.657,t,M,MANUAL_XLS,2025-05-17
2222,109,2025-04,SCOPE2_GHG,413.115,t,M,SITE_PORTAL,2025-05-18
2225,109,2025-04,WASTE_TOTAL,178.227,t,M,MANUAL_XLS,2025-05-11
2224,109,2025-04,WATER_WD,12981.1,m3,M,SAP_EHS,2025-05-11
2228,109,2025-05,ENERGY_CONS,8599.2,GJ,M,SAP_EHS,2025-06-19
2226,109,2025-05,SCOPE1_GHG,540.33,t,M,MANUAL_XLS,2025-06-15
2227,109,2025-05,SCOPE2_GHG,400.298,t,M,SITE_PORTAL,2025-06-11
2230,109,2025-05,WASTE_TOTAL,194.904,t,M,SITE_PORTAL,2025-06-20
2229,109,2025-05,WATER_WD,12091.7,m3,M,MANUAL_XLS,2025-06-16
2233,109,2025-06,ENERGY_CONS,8932.42,GJ,M,SAP_EHS,2025-07-19
2236,109,2025-06,HOURS_WORKED,628255,hours,Q,SAP_EHS,2025-07-10
2231,109,2025-06,SCOPE1_GHG,563.144,t,M,SITE_PORTAL,2025-07-18
2232,109,2025-06,SCOPE2_GHG,394.79,t,M,MANUAL_XLS,2025-07-19
2235,109,2025-06,WASTE_TOTAL,186.393,t,M,MANUAL_XLS,2025-07-14
2234,109,2025-06,WATER_WD,12660.5,m3,M,SAP_EHS,2025-07-19
2239,109,2025-07,ENERGY_CONS,7549.84,GJ,M,MANUAL_XLS,2025-08-14
2237,109,2025-07,SCOPE1_GHG,541.849,t,M,MANUAL_XLS,2025-08-19
2238,109,2025-07,SCOPE2_GHG,403.039,t,M,SAP_EHS,2025-08-11
2241,109,2025-07,WASTE_TOTAL,171.599,t,M,MANUAL_XLS,2025-08-14
2240,109,2025-07,WATER_WD,12298.3,m3,M,SAP_EHS,2025-08-08
2244,109,2025-08,ENERGY_CONS,7336.31,GJ,M,SAP_EHS,2025-09-17
2242,109,2025-08,SCOPE1_GHG,493.791,t,M,MANUAL_XLS,2025-09-18
2243,109,2025-08,SCOPE2_GHG,356.683,t,M,SITE_PORTAL,2025-09-19
2246,109,2025-08,WASTE_TOTAL,164.619,t,M,SITE_PORTAL,2025-09-12
2245,109,2025-08,WATER_WD,11386.6,m3,M,MANUAL_XLS,2025-09-12
2249,109,2025-09,ENERGY_CONS,8258.67,GJ,M,SAP_EHS,2025-10-17
2252,109,2025-09,HOURS_WORKED,644923,hours,Q,SAP_EHS,2025-10-17
2247,109,2025-09,SCOPE1_GHG,520.515,t,M,SAP_EHS,2025-10-09
2248,109,2025-09,SCOPE2_GHG,420.239,t,M,SAP_EHS,2025-10-20
2251,109,2025-09,WASTE_TOTAL,180.006,t,M,SAP_EHS,2025-10-08
2250,109,2025-09,WATER_WD,13316.1,m3,M,SAP_EHS,2025-10-14
2255,109,2025-10,ENERGY_CONS,9950.5,GJ,M,SAP_EHS,2025-11-15
2253,109,2025-10,SCOPE1_GHG,568.587,t,M,SITE_PORTAL,2025-11-11
2254,109,2025-10,SCOPE2_GHG,470.007,t,M,MANUAL_XLS,2025-11-10
2257,109,2025-10,WASTE_TOTAL,206.147,t,M,MANUAL_XLS,2025-11-15
2256,109,2025-10,WATER_WD,14330.9,m3,M,SAP_EHS,2025-11-14
2260,109,2025-11,ENERGY_CONS,10373.6,GJ,M,MANUAL_XLS,2025-12-10
2258,109,2025-11,SCOPE1_GHG,625.582,t,M,SITE_PORTAL,2025-12-18
2259,109,2025-11,SCOPE2_GHG,463.22,t,M,SAP_EHS,2025-12-10
2262,109,2025-11,WASTE_TOTAL,202.048,t,M,SITE_PORTAL,2025-12-19
2261,109,2025-11,WATER_WD,13394.2,m3,M,SAP_EHS,2025-12-14
2265,109,2025-12,ENERGY_CONS,11776.4,GJ,M,MANUAL_XLS,2026-01-08
2268,109,2025-12,HOURS_WORKED,649579,hours,Q,SAP_EHS,2026-01-11
2263,109,2025-12,SCOPE1_GHG,704.293,t,M,SAP_EHS,2026-01-13
2264,109,2025-12,SCOPE2_GHG,548.9,t,M,MANUAL_XLS,2026-01-16
2267,109,2025-12,WASTE_TOTAL,218.838,t,M,SITE_PORTAL,2026-01-11
2266,109,2025-12,WATER_WD,15834.6,m3,M,MANUAL_XLS,2026-01-10
2271,110,2024-01,ENERGY_CONS,1570.25,MWh,M,SAP_EHS,2024-02-08
2274,110,2024-01,HOURS_WORKED,97180.6,hours,M,SAP_EHS,2024-02-11
2269,110,2024-01,SCOPE1_GHG,341.333,t,M,MANUAL_XLS,2024-02-12
2270,110,2024-01,SCOPE2_GHG,223.127,t,M,SAP_EHS,2024-02-11
2273,110,2024-01,WASTE_TOTAL,115060,kg,M,MANUAL_XLS,2024-02-17
2272,110,2024-01,WATER_WD,6810.28,m3,M,SITE_PORTAL,2024-02-14
2277,110,2024-02,ENERGY_CONS,1426.81,MWh,M,SAP_EHS,2024-03-20
2280,110,2024-02,HOURS_WORKED,96793,hours,M,SAP_EHS,2024-03-15
2275,110,2024-02,SCOPE1_GHG,305.942,t,M,MANUAL_XLS,2024-03-16
2276,110,2024-02,SCOPE2_GHG,253.191,t,M,SITE_PORTAL,2024-03-15
2279,110,2024-02,WASTE_TOTAL,117340,kg,M,SAP_EHS,2024-03-09
2278,110,2024-02,WATER_WD,7097.6,m3,M,SAP_EHS,2024-03-13
2283,110,2024-03,ENERGY_CONS,1241.84,MWh,M,SITE_PORTAL,2024-04-10
2286,110,2024-03,HOURS_WORKED,97801.7,hours,M,SAP_EHS,2024-04-20
2281,110,2024-03,SCOPE1_GHG,304.515,t,M,SITE_PORTAL,2024-04-16
2282,110,2024-03,SCOPE2_GHG,224.075,t,M,SITE_PORTAL,2024-04-08
2285,110,2024-03,WASTE_TOTAL,106600,kg,M,MANUAL_XLS,2024-04-18
2284,110,2024-03,WATER_WD,7128.15,m3,M,SAP_EHS,2024-04-17
2289,110,2024-04,ENERGY_CONS,1176.34,MWh,M,SAP_EHS,2024-05-20
2292,110,2024-04,HOURS_WORKED,97879.1,hours,M,SAP_EHS,2024-05-12
2287,110,2024-04,SCOPE1_GHG,295.124,t,M,SITE_PORTAL,2024-05-19
2288,110,2024-04,SCOPE2_GHG,211.193,t,M,MANUAL_XLS,2024-05-17
2291,110,2024-04,WASTE_TOTAL,84756.2,kg,M,SITE_PORTAL,2024-05-09
2290,110,2024-04,WATER_WD,6644.05,m3,M,SAP_EHS,2024-05-08
2295,110,2024-05,ENERGY_CONS,1157.45,MWh,M,SAP_EHS,2024-06-17
2298,110,2024-05,HOURS_WORKED,99373,hours,M,SAP_EHS,2024-06-16
2293,110,2024-05,SCOPE1_GHG,279.851,t,M,SITE_PORTAL,2024-06-16
2294,110,2024-05,SCOPE2_GHG,190.113,t,M,SAP_EHS,2024-06-11
2297,110,2024-05,WASTE_TOTAL,89630,kg,M,MANUAL_XLS,2024-06-08
2296,110,2024-05,WATER_WD,6072.22,m3,M,SAP_EHS,2024-06-11
2301,110,2024-06,ENERGY_CONS,1205.99,MWh,M,MANUAL_XLS,2024-07-09
2304,110,2024-06,HOURS_WORKED,98183.3,hours,M,SAP_EHS,2024-07-16
2299,110,2024-06,SCOPE1_GHG,268.38,t,M,SITE_PORTAL,2024-07-19
2300,110,2024-06,SCOPE2_GHG,187.287,t,M,SITE_PORTAL,2024-07-20
2303,110,2024-06,WASTE_TOTAL,78524.9,kg,M,MANUAL_XLS,2024-07-09
2302,110,2024-06,WATER_WD,6157.4,m3,M,MANUAL_XLS,2024-07-11
2307,110,2024-07,ENERGY_CONS,1093.58,MWh,M,MANUAL_XLS,2024-08-09
2310,110,2024-07,HOURS_WORKED,95392.3,hours,M,SAP_EHS,2024-08-14
2305,110,2024-07,SCOPE1_GHG,224.984,t,M,SAP_EHS,2024-08-19
2306,110,2024-07,SCOPE2_GHG,181.07,t,M,SAP_EHS,2024-08-11
2309,110,2024-07,WASTE_TOTAL,74767.3,kg,M,SAP_EHS,2024-08-08
2308,110,2024-07,WATER_WD,6063.34,m3,M,MANUAL_XLS,2024-08-18
2313,110,2024-08,ENERGY_CONS,1023.46,MWh,M,MANUAL_XLS,2024-09-18
2316,110,2024-08,HOURS_WORKED,101022,hours,M,SAP_EHS,2024-09-15
2311,110,2024-08,SCOPE1_GHG,264.579,t,M,SITE_PORTAL,2024-09-18
2312,110,2024-08,SCOPE2_GHG,164.905,t,M,MANUAL_XLS,2024-09-20
2315,110,2024-08,WASTE_TOTAL,87361.5,kg,M,MANUAL_XLS,2024-09-12
2314,110,2024-08,WATER_WD,5563.83,m3,M,SAP_EHS,2024-09-08
2319,110,2024-09,ENERGY_CONS,1153.05,MWh,M,SAP_EHS,2024-10-19
2322,110,2024-09,HOURS_WORKED,94110.3,hours,M,SAP_EHS,2024-10-12
2317,110,2024-09,SCOPE1_GHG,262.481,t,M,MANUAL_XLS,2024-10-09
2318,110,2024-09,SCOPE2_GHG,182.274,t,M,SITE_PORTAL,2024-10-20
2321,110,2024-09,WASTE_TOTAL,80365.6,kg,M,MANUAL_XLS,2024-10-10
2320,110,2024-09,WATER_WD,5990.3,m3,M,MANUAL_XLS,2024-10-16
2325,110,2024-10,ENERGY_CONS,1262.13,MWh,M,MANUAL_XLS,2024-11-08
2328,110,2024-10,HOURS_WORKED,92934.7,hours,M,SAP_EHS,2024-11-20
2323,110,2024-10,SCOPE1_GHG,291.648,t,M,SAP_EHS,2024-11-13
2324,110,2024-10,SCOPE2_GHG,212.148,t,M,MANUAL_XLS,2024-11-20
2327,110,2024-10,WASTE_TOTAL,100493,kg,M,MANUAL_XLS,2024-11-10
2326,110,2024-10,WATER_WD,6964.14,m3,M,SITE_PORTAL,2024-11-10
2331,110,2024-11,ENERGY_CONS,1405.4,MWh,M,MANUAL_XLS,2024-12-10
2334,110,2024-11,HOURS_WORKED,97683.3,hours,M,SAP_EHS,2024-12-20
2329,110,2024-11,SCOPE1_GHG,282.777,t,M,MANUAL_XLS,2024-12-16
2330,110,2024-11,SCOPE2_GHG,207.822,t,M,MANUAL_XLS,2024-12-20
2333,110,2024-11,WASTE_TOTAL,109396,kg,M,SAP_EHS,2024-12-08
2332,110,2024-11,WATER_WD,7265.13,m3,M,SAP_EHS,2024-12-18
2337,110,2024-12,ENERGY_CONS,1337.02,MWh,M,SITE_PORTAL,2025-01-18
2340,110,2024-12,HOURS_WORKED,95227,hours,M,SAP_EHS,2025-01-18
2335,110,2024-12,SCOPE1_GHG,327.203,t,M,SITE_PORTAL,2025-01-16
2336,110,2024-12,SCOPE2_GHG,217.973,t,M,SAP_EHS,2025-01-20
2339,110,2024-12,WASTE_TOTAL,98633.6,kg,M,SITE_PORTAL,2025-01-10
2338,110,2024-12,WATER_WD,7415.34,m3,M,MANUAL_XLS,2025-01-18
2343,110,2025-01,ENERGY_CONS,1409.89,MWh,M,SITE_PORTAL,2025-02-16
2346,110,2025-01,HOURS_WORKED,98354.3,hours,M,SAP_EHS,2025-02-15
2341,110,2025-01,SCOPE1_GHG,314.995,t,M,MANUAL_XLS,2025-02-12
2342,110,2025-01,SCOPE2_GHG,221.263,t,M,SAP_EHS,2025-02-15
2345,110,2025-01,WASTE_TOTAL,112672,kg,M,SITE_PORTAL,2025-02-10
2344,110,2025-01,WATER_WD,6433.76,m3,M,MANUAL_XLS,2025-02-14
2349,110,2025-02,ENERGY_CONS,1220.61,MWh,M,SITE_PORTAL,2025-03-19
2352,110,2025-02,HOURS_WORKED,101312,hours,M,SAP_EHS,2025-03-12
2347,110,2025-02,SCOPE1_GHG,321.751,t,M,SITE_PORTAL,2025-03-20
2348,110,2025-02,SCOPE2_GHG,230.979,t,M,MANUAL_XLS,2025-03-14
2351,110,2025-02,WASTE_TOTAL,100399,kg,M,SITE_PORTAL,2025-03-15
2350,110,2025-02,WATER_WD,7057.94,m3,M,SAP_EHS,2025-03-16
2355,110,2025-03,ENERGY_CONS,1233.81,MWh,M,MANUAL_XLS,2025-04-14
2358,110,2025-03,HOURS_WORKED,94765.6,hours,M,SAP_EHS,2025-04-09
2353,110,2025-03,SCOPE1_GHG,252.363,t,M,SAP_EHS,2025-04-11
2354,110,2025-03,SCOPE2_GHG,189.739,t,M,SAP_EHS,2025-04-11
2357,110,2025-03,WASTE_TOTAL,99638.3,kg,M,MANUAL_XLS,2025-04-14
2356,110,2025-03,WATER_WD,6769.91,m3,M,MANUAL_XLS,2025-04-18
2361,110,2025-04,ENERGY_CONS,1061.85,MWh,M,SITE_PORTAL,2025-05-18
2364,110,2025-04,HOURS_WORKED,99044.6,hours,M,SAP_EHS,2025-05-12
2359,110,2025-04,SCOPE1_GHG,264.757,t,M,SAP_EHS,2025-05-16
2360,110,2025-04,SCOPE2_GHG,196.136,t,M,SITE_PORTAL,2025-05-13
2363,110,2025-04,WASTE_TOTAL,87074.1,kg,M,SAP_EHS,2025-05-12
2362,110,2025-04,WATER_WD,5508.84,m3,M,SAP_EHS,2025-05-18
2367,110,2025-05,ENERGY_CONS,1162.94,MWh,M,SITE_PORTAL,2025-06-12
2370,110,2025-05,HOURS_WORKED,101130,hours,M,SAP_EHS,2025-06-08
2365,110,2025-05,SCOPE1_GHG,259.341,t,M,SAP_EHS,2025-06-17
2366,110,2025-05,SCOPE2_GHG,196.362,t,M,SITE_PORTAL,2025-06-13
2369,110,2025-05,WASTE_TOTAL,80478.4,kg,M,SAP_EHS,2025-06-17
2368,110,2025-05,WATER_WD,5458.51,m3,M,SITE_PORTAL,2025-06-18
2373,110,2025-06,ENERGY_CONS,1062.02,MWh,M,SAP_EHS,2025-07-17
2376,110,2025-06,HOURS_WORKED,97548.8,hours,M,SAP_EHS,2025-07-13
2371,110,2025-06,SCOPE1_GHG,221.981,t,M,MANUAL_XLS,2025-07-12
2372,110,2025-06,SCOPE2_GHG,171.66,t,M,SITE_PORTAL,2025-07-11
2375,110,2025-06,WASTE_TOTAL,73660.4,kg,M,MANUAL_XLS,2025-07-19
2374,110,2025-06,WATER_WD,5751.73,m3,M,SITE_PORTAL,2025-07-09
2379,110,2025-07,ENERGY_CONS,949.408,MWh,M,SITE_PORTAL,2025-08-17
2382,110,2025-07,HOURS_WORKED,98897.8,hours,M,SAP_EHS,2025-08-19
2377,110,2025-07,SCOPE1_GHG,240.256,t,M,SAP_EHS,2025-08-16
2378,110,2025-07,SCOPE2_GHG,175.176,t,M,MANUAL_XLS,2025-08-20
2381,110,2025-07,WASTE_TOTAL,84649.7,kg,M,SAP_EHS,2025-08-13
2380,110,2025-07,WATER_WD,5256.67,m3,M,MANUAL_XLS,2025-08-13
2385,110,2025-08,ENERGY_CONS,1036.72,MWh,M,SITE_PORTAL,2025-09-18
2388,110,2025-08,HOURS_WORKED,93593.2,hours,M,SAP_EHS,2025-09-11
2383,110,2025-08,SCOPE1_GHG,210.955,t,M,SITE_PORTAL,2025-09-13
2384,110,2025-08,SCOPE2_GHG,179.535,t,M,MANUAL_XLS,2025-09-09
2387,110,2025-08,WASTE_TOTAL,75824,kg,M,SITE_PORTAL,2025-09-14
2386,110,2025-08,WATER_WD,5537.41,m3,M,MANUAL_XLS,2025-09-14
2391,110,2025-09,ENERGY_CONS,1042.67,MWh,M,MANUAL_XLS,2025-10-10
2394,110,2025-09,HOURS_WORKED,92732,hours,M,SAP_EHS,2025-10-15
2389,110,2025-09,SCOPE1_GHG,266.295,t,M,SITE_PORTAL,2025-10-13
2390,110,2025-09,SCOPE2_GHG,202.936,t,M,MANUAL_XLS,2025-10-16
2393,110,2025-09,WASTE_TOTAL,79439.5,kg,M,SAP_EHS,2025-10-09
2392,110,2025-09,WATER_WD,5867.34,m3,M,SITE_PORTAL,2025-10-15
2397,110,2025-10,ENERGY_CONS,1248.8,MWh,M,MANUAL_XLS,2025-11-17
2400,110,2025-10,HOURS_WORKED,100090,hours,M,SAP_EHS,2025-11-10
2395,110,2025-10,SCOPE1_GHG,281.757,t,M,SAP_EHS,2025-11-14
2396,110,2025-10,SCOPE2_GHG,196.397,t,M,SAP_EHS,2025-11-19
2399,110,2025-10,WASTE_TOTAL,99415.7,kg,M,MANUAL_XLS,2025-11-17
2398,110,2025-10,WATER_WD,6239.23,m3,M,SITE_PORTAL,2025-11-08
2403,110,2025-11,ENERGY_CONS,1358.13,MWh,M,SITE_PORTAL,2025-12-15
2406,110,2025-11,HOURS_WORKED,95998.4,hours,M,SAP_EHS,2025-12-17
2401,110,2025-11,SCOPE1_GHG,279.354,t,M,SITE_PORTAL,2025-12-08
2402,110,2025-11,SCOPE2_GHG,212.82,t,M,SAP_EHS,2025-12-14
2405,110,2025-11,WASTE_TOTAL,93221.9,kg,M,MANUAL_XLS,2025-12-16
2404,110,2025-11,WATER_WD,6583.6,m3,M,MANUAL_XLS,2025-12-11
2409,110,2025-12,ENERGY_CONS,1368.59,MWh,M,SAP_EHS,2026-01-15
2412,110,2025-12,HOURS_WORKED,94064.1,hours,M,SAP_EHS,2026-01-16
2407,110,2025-12,SCOPE1_GHG,316.824,t,M,MANUAL_XLS,2026-01-09
2408,110,2025-12,SCOPE2_GHG,219.982,t,M,SAP_EHS,2026-01-18
2411,110,2025-12,WASTE_TOTAL,102641,kg,M,SAP_EHS,2026-01-16
2410,110,2025-12,WATER_WD,6782.38,m3,M,MANUAL_XLS,2026-01-18
2415,111,2024-04,ENERGY_CONS,397.227,MWh,M,SITE_PORTAL,2024-05-17
2418,111,2024-04,HOURS_WORKED,32031.7,hours,M,SAP_EHS,2024-05-17
2413,111,2024-04,SCOPE1_GHG,95.135,t,M,SAP_EHS,2024-05-17
2414,111,2024-04,SCOPE2_GHG,71.106,t,M,SAP_EHS,2024-05-12
2417,111,2024-04,WASTE_TOTAL,31.453,t,M,SITE_PORTAL,2024-05-17
2416,111,2024-04,WATER_WD,2037.47,m3,M,MANUAL_XLS,2024-05-08
2421,111,2024-05,ENERGY_CONS,396.309,MWh,M,SITE_PORTAL,2024-06-10
2424,111,2024-05,HOURS_WORKED,33785.5,hours,M,SAP_EHS,2024-06-13
2419,111,2024-05,SCOPE1_GHG,90.886,t,M,MANUAL_XLS,2024-06-08
2420,111,2024-05,SCOPE2_GHG,64.887,t,M,SITE_PORTAL,2024-06-19
2423,111,2024-05,WASTE_TOTAL,26.685,t,M,SITE_PORTAL,2024-06-17
2422,111,2024-05,WATER_WD,2151.2,m3,M,MANUAL_XLS,2024-06-20
2427,111,2024-06,ENERGY_CONS,384.911,MWh,M,SITE_PORTAL,2024-07-10
2430,111,2024-06,HOURS_WORKED,33837.3,hours,M,SAP_EHS,2024-07-17
2425,111,2024-06,SCOPE1_GHG,87.849,t,M,MANUAL_XLS,2024-07-18
2426,111,2024-06,SCOPE2_GHG,70.348,t,M,SAP_EHS,2024-07-11
2429,111,2024-06,WASTE_TOTAL,28.66,t,M,SITE_PORTAL,2024-07-14
2428,111,2024-06,WATER_WD,1807.59,m3,M,MANUAL_XLS,2024-07-15
2433,111,2024-07,ENERGY_CONS,407.987,MWh,M,SAP_EHS,2024-08-16
2436,111,2024-07,HOURS_WORKED,34096.1,hours,M,SAP_EHS,2024-08-12
2431,111,2024-07,SCOPE1_GHG,89.874,t,M,SITE_PORTAL,2024-08-12
2432,111,2024-07,SCOPE2_GHG,62.66,t,M,MANUAL_XLS,2024-08-18
2435,111,2024-07,WASTE_TOTAL,28.611,t,M,SAP_EHS,2024-08-17
2434,111,2024-07,WATER_WD,1906.32,m3,M,SAP_EHS,2024-08-20
2439,111,2024-08,ENERGY_CONS,384.301,MWh,M,MANUAL_XLS,2024-09-17
2442,111,2024-08,HOURS_WORKED,32676.9,hours,M,SAP_EHS,2024-09-14
2437,111,2024-08,SCOPE1_GHG,81.015,t,M,MANUAL_XLS,2024-09-12
2438,111,2024-08,SCOPE2_GHG,57.274,t,M,SITE_PORTAL,2024-09-12
2441,111,2024-08,WASTE_TOTAL,30.261,t,M,SITE_PORTAL,2024-09-09
2440,111,2024-08,WATER_WD,1938.38,m3,M,SAP_EHS,2024-09-19
2445,111,2024-09,ENERGY_CONS,385.121,MWh,M,SITE_PORTAL,2024-10-19
2448,111,2024-09,HOURS_WORKED,33962.5,hours,M,SAP_EHS,2024-10-15
2443,111,2024-09,SCOPE1_GHG,88.264,t,M,MANUAL_XLS,2024-10-11
2444,111,2024-09,SCOPE2_GHG,71.918,t,M,MANUAL_XLS,2024-10-18
2447,111,2024-09,WASTE_TOTAL,29.848,t,M,MANUAL_XLS,2024-10-13
2446,111,2024-09,WATER_WD,2008.04,m3,M,SAP_EHS,2024-10-16
2451,111,2024-10,ENERGY_CONS,451.796,MWh,M,SITE_PORTAL,2024-11-19
2454,111,2024-10,HOURS_WORKED,31849.4,hours,M,SAP_EHS,2024-11-17
2449,111,2024-10,SCOPE1_GHG,103.947,t,M,SITE_PORTAL,2024-11-15
2450,111,2024-10,SCOPE2_GHG,71.64,t,M,SITE_PORTAL,2024-11-16
2453,111,2024-10,WASTE_TOTAL,33.201,t,M,SAP_EHS,2024-11-13
2452,111,2024-10,WATER_WD,2236.7,m3,M,MANUAL_XLS,2024-11-13
2457,111,2024-11,ENERGY_CONS,443.107,MWh,M,MANUAL_XLS,2024-12-09
2460,111,2024-11,HOURS_WORKED,33361.9,hours,M,SAP_EHS,2024-12-10
2455,111,2024-11,SCOPE1_GHG,100.462,t,M,MANUAL_XLS,2024-12-10
2456,111,2024-11,SCOPE2_GHG,73.915,t,M,SITE_PORTAL,2024-12-11
2459,111,2024-11,WASTE_TOTAL,34.323,t,M,SITE_PORTAL,2024-12-18
2458,111,2024-11,WATER_WD,2321.95,m3,M,MANUAL_XLS,2024-12-18
2463,111,2024-12,ENERGY_CONS,446.478,MWh,M,MANUAL_XLS,2025-01-10
2466,111,2024-12,HOURS_WORKED,31914.9,hours,M,SAP_EHS,2025-01-19
2461,111,2024-12,SCOPE1_GHG,112.238,t,M,SITE_PORTAL,2025-01-08
2462,111,2024-12,SCOPE2_GHG,81.69,t,M,MANUAL_XLS,2025-01-19
2465,111,2024-12,WASTE_TOTAL,34.397,t,M,MANUAL_XLS,2025-01-09
2464,111,2024-12,WATER_WD,2719.01,m3,M,MANUAL_XLS,2025-01-17
2469,111,2025-01,ENERGY_CONS,480.589,MWh,M,MANUAL_XLS,2025-02-17
2472,111,2025-01,HOURS_WORKED,32815,hours,M,SAP_EHS,2025-02-12
2467,111,2025-01,SCOPE1_GHG,96.852,t,M,MANUAL_XLS,2025-02-09
2468,111,2025-01,SCOPE2_GHG,73.274,t,M,MANUAL_XLS,2025-02-13
2471,111,2025-01,WASTE_TOTAL,34.099,t,M,MANUAL_XLS,2025-02-11
2470,111,2025-01,WATER_WD,2189.7,m3,M,MANUAL_XLS,2025-02-10
2475,111,2025-02,ENERGY_CONS,500.629,MWh,M,SAP_EHS,2025-03-16
2478,111,2025-02,HOURS_WORKED,31884.1,hours,M,SAP_EHS,2025-03-12
2473,111,2025-02,SCOPE1_GHG,104.754,t,M,MANUAL_XLS,2025-03-17
2474,111,2025-02,SCOPE2_GHG,80.336,t,M,SAP_EHS,2025-03-12
2477,111,2025-02,WASTE_TOTAL,35.196,t,M,SAP_EHS,2025-03-14
2476,111,2025-02,WATER_WD,2559.43,m3,M,MANUAL_XLS,2025-03-17
2481,111,2025-03,ENERGY_CONS,413.568,MWh,M,SAP_EHS,2025-04-16
2484,111,2025-03,HOURS_WORKED,33421.8,hours,M,SAP_EHS,2025-04-11
2479,111,2025-03,SCOPE1_GHG,87.087,t,M,SAP_EHS,2025-04-15
2480,111,2025-03,SCOPE2_GHG,76.881,t,M,SITE_PORTAL,2025-04-12
2483,111,2025-03,WASTE_TOTAL,31.001,t,M,SITE_PORTAL,2025-04-12
2482,111,2025-03,WATER_WD,2145.81,m3,M,MANUAL_XLS,2025-04-09
2487,111,2025-04,ENERGY_CONS,353.539,MWh,M,SAP_EHS,2025-05-19
2490,111,2025-04,HOURS_WORKED,32821,hours,M,SAP_EHS,2025-05-17
2485,111,2025-04,SCOPE1_GHG,83.815,t,M,MANUAL_XLS,2025-05-13
2486,111,2025-04,SCOPE2_GHG,68.977,t,M,MANUAL_XLS,2025-05-18
2489,111,2025-04,WASTE_TOTAL,28.783,t,M,SITE_PORTAL,2025-05-08
2488,111,2025-04,WATER_WD,2074.82,m3,M,MANUAL_XLS,2025-05-13
2493,111,2025-05,ENERGY_CONS,336.791,MWh,M,SITE_PORTAL,2025-06-09
2496,111,2025-05,HOURS_WORKED,33327.8,hours,M,SAP_EHS,2025-06-09
2491,111,2025-05,SCOPE1_GHG,75.892,t,M,SAP_EHS,2025-06-08
2492,111,2025-05,SCOPE2_GHG,63.362,t,M,SAP_EHS,2025-06-19
2495,111,2025-05,WASTE_TOTAL,30.462,t,M,MANUAL_XLS,2025-06-19
2494,111,2025-05,WATER_WD,1921.65,m3,M,MANUAL_XLS,2025-06-15
2499,111,2025-06,ENERGY_CONS,393.38,MWh,M,MANUAL_XLS,2025-07-12
2502,111,2025-06,HOURS_WORKED,32531.4,hours,M,SAP_EHS,2025-07-12
2497,111,2025-06,SCOPE1_GHG,83.72,t,M,SITE_PORTAL,2025-07-15
2498,111,2025-06,SCOPE2_GHG,65.438,t,M,SAP_EHS,2025-07-20
2501,111,2025-06,WASTE_TOTAL,27.311,t,M,SITE_PORTAL,2025-07-13
2500,111,2025-06,WATER_WD,1714.1,m3,M,SAP_EHS,2025-07-20
2505,111,2025-07,ENERGY_CONS,370.787,MWh,M,SITE_PORTAL,2025-08-15
2508,111,2025-07,HOURS_WORKED,33627.7,hours,M,SAP_EHS,2025-08-11
2503,111,2025-07,SCOPE1_GHG,86.278,t,M,SAP_EHS,2025-08-13
2504,111,2025-07,SCOPE2_GHG,53.863,t,M,MANUAL_XLS,2025-08-19
2507,111,2025-07,WASTE_TOTAL,24.612,t,M,MANUAL_XLS,2025-08-17
2506,111,2025-07,WATER_WD,1905.85,m3,M,MANUAL_XLS,2025-08-13
2511,111,2025-08,ENERGY_CONS,367.692,MWh,M,MANUAL_XLS,2025-09-15
2514,111,2025-08,HOURS_WORKED,33754.4,hours,M,SAP_EHS,2025-09-18
2509,111,2025-08,SCOPE1_GHG,75.029,t,M,MANUAL_XLS,2025-09-08
2510,111,2025-08,SCOPE2_GHG,55.85,t,M,SAP_EHS,2025-09-12
2513,111,2025-08,WASTE_TOTAL,23.652,t,M,SAP_EHS,2025-09-19
2512,111,2025-08,WATER_WD,1873.02,m3,M,SAP_EHS,2025-09-17
2517,111,2025-09,ENERGY_CONS,394.106,MWh,M,SITE_PORTAL,2025-10-12
2520,111,2025-09,HOURS_WORKED,33494.1,hours,M,SAP_EHS,2025-10-16
2515,111,2025-09,SCOPE1_GHG,81.383,t,M,MANUAL_XLS,2025-10-12
2516,111,2025-09,SCOPE2_GHG,61.934,t,M,MANUAL_XLS,2025-10-10
2519,111,2025-09,WASTE_TOTAL,26.91,t,M,MANUAL_XLS,2025-10-10
2518,111,2025-09,WATER_WD,1776.85,m3,M,MANUAL_XLS,2025-10-17
2523,111,2025-10,ENERGY_CONS,376.143,MWh,M,SAP_EHS,2025-11-15
2526,111,2025-10,HOURS_WORKED,33663.6,hours,M,SAP_EHS,2025-11-14
2521,111,2025-10,SCOPE1_GHG,96.973,t,M,SAP_EHS,2025-11-09
2522,111,2025-10,SCOPE2_GHG,66.994,t,M,SITE_PORTAL,2025-11-15
2525,111,2025-10,WASTE_TOTAL,33.555,t,M,SAP_EHS,2025-11-12
2524,111,2025-10,WATER_WD,2034.39,m3,M,MANUAL_XLS,2025-11-15
2529,111,2025-11,ENERGY_CONS,452.91,MWh,M,MANUAL_XLS,2025-12-08
2532,111,2025-11,HOURS_WORKED,33844.7,hours,M,SAP_EHS,2025-12-09
2527,111,2025-11,SCOPE1_GHG,94.879,t,M,MANUAL_XLS,2025-12-20
2528,111,2025-11,SCOPE2_GHG,69.075,t,M,SITE_PORTAL,2025-12-20
2531,111,2025-11,WASTE_TOTAL,30.502,t,M,SAP_EHS,2025-12-09
2530,111,2025-11,WATER_WD,2460.03,m3,M,SITE_PORTAL,2025-12-16
2535,111,2025-12,ENERGY_CONS,439.533,MWh,M,SITE_PORTAL,2026-01-09
2538,111,2025-12,HOURS_WORKED,32955,hours,M,SAP_EHS,2026-01-11
2533,111,2025-12,SCOPE1_GHG,102.25,t,M,SITE_PORTAL,2026-01-11
2534,111,2025-12,SCOPE2_GHG,79.439,t,M,SAP_EHS,2026-01-11
2537,111,2025-12,WASTE_TOTAL,32.585,t,M,SAP_EHS,2026-01-16
2536,111,2025-12,WATER_WD,2398.33,m3,M,MANUAL_XLS,2026-01-11
2541,112,2024-01,ENERGY_CONS,1233.57,MWh,M,SITE_PORTAL,2024-02-16
2539,112,2024-01,SCOPE1_GHG,242121,kg,M,SAP_EHS,2024-02-12
2540,112,2024-01,SCOPE2_GHG,209686,kg,M,SITE_PORTAL,2024-02-14
2543,112,2024-01,WASTE_TOTAL,92.775,t,M,SITE_PORTAL,2024-02-19
2542,112,2024-01,WATER_WD,6319.73,m3,M,SITE_PORTAL,2024-02-10
2546,112,2024-02,ENERGY_CONS,1197.62,MWh,M,SAP_EHS,2024-03-17
2544,112,2024-02,SCOPE1_GHG,266990,kg,M,SITE_PORTAL,2024-03-09
2545,112,2024-02,SCOPE2_GHG,199476,kg,M,MANUAL_XLS,2024-03-10
2548,112,2024-02,WASTE_TOTAL,80.132,t,M,SITE_PORTAL,2024-03-16
2547,112,2024-02,WATER_WD,5949.99,m3,M,SITE_PORTAL,2024-03-16
2551,112,2024-03,ENERGY_CONS,970.206,MWh,M,SAP_EHS,2024-04-11
2554,112,2024-03,HOURS_WORKED,243378,hours,Q,SAP_EHS,2024-04-10
2549,112,2024-03,SCOPE1_GHG,241756,kg,M,MANUAL_XLS,2024-04-09
2550,112,2024-03,SCOPE2_GHG,158901,kg,M,SAP_EHS,2024-04-17
2553,112,2024-03,WASTE_TOTAL,72.617,t,M,SITE_PORTAL,2024-04-13
2552,112,2024-03,WATER_WD,5599.68,m3,M,SITE_PORTAL,2024-04-09
2557,112,2024-04,ENERGY_CONS,981.282,MWh,M,SITE_PORTAL,2024-05-12
2555,112,2024-04,SCOPE1_GHG,207334,kg,M,SITE_PORTAL,2024-05-13
2556,112,2024-04,SCOPE2_GHG,147862,kg,M,MANUAL_XLS,2024-05-08
2559,112,2024-04,WASTE_TOTAL,66.575,t,M,MANUAL_XLS,2024-05-19
2558,112,2024-04,WATER_WD,5307.73,m3,M,MANUAL_XLS,2024-05-19
2562,112,2024-05,ENERGY_CONS,922.173,MWh,M,SAP_EHS,2024-06-18
2560,112,2024-05,SCOPE1_GHG,195681,kg,M,SAP_EHS,2024-06-14
2561,112,2024-05,SCOPE2_GHG,148617,kg,M,SITE_PORTAL,2024-06-18
2564,112,2024-05,WASTE_TOTAL,0,t,M,SAP_EHS,2024-06-17
2563,112,2024-05,WATER_WD,4389.69,m3,M,SITE_PORTAL,2024-06-19
2567,112,2024-06,ENERGY_CONS,920.468,MWh,M,MANUAL_XLS,2024-07-13
2570,112,2024-06,HOURS_WORKED,226517,hours,Q,SAP_EHS,2024-07-13
2565,112,2024-06,SCOPE1_GHG,216344,kg,M,SAP_EHS,2024-07-19
2566,112,2024-06,SCOPE2_GHG,160189,kg,M,SAP_EHS,2024-07-20
2569,112,2024-06,WASTE_TOTAL,71.978,t,M,MANUAL_XLS,2024-07-20
2568,112,2024-06,WATER_WD,4567.7,m3,M,SAP_EHS,2024-07-08
2573,112,2024-07,ENERGY_CONS,944.706,MWh,M,MANUAL_XLS,2024-08-15
2571,112,2024-07,SCOPE1_GHG,190260,kg,M,SITE_PORTAL,2024-08-11
2572,112,2024-07,SCOPE2_GHG,157027,kg,M,SAP_EHS,2024-08-15
2575,112,2024-07,WASTE_TOTAL,63.39,t,M,SITE_PORTAL,2024-08-08
2574,112,2024-07,WATER_WD,4651.84,m3,M,SITE_PORTAL,2024-08-14
2578,112,2024-08,ENERGY_CONS,878.5,MWh,M,SITE_PORTAL,2024-09-16
2576,112,2024-08,SCOPE1_GHG,175789,kg,M,MANUAL_XLS,2024-09-18
2577,112,2024-08,SCOPE2_GHG,149442,kg,M,SAP_EHS,2024-09-13
2580,112,2024-08,WASTE_TOTAL,63.619,t,M,SITE_PORTAL,2024-09-13
2579,112,2024-08,WATER_WD,4088.7,m3,M,MANUAL_XLS,2024-09-14
2583,112,2024-09,ENERGY_CONS,906.502,MWh,M,SITE_PORTAL,2024-10-13
2586,112,2024-09,HOURS_WORKED,227535,hours,Q,SAP_EHS,2024-10-18
2581,112,2024-09,SCOPE1_GHG,211412,kg,M,MANUAL_XLS,2024-10-20
2582,112,2024-09,SCOPE2_GHG,166993,kg,M,SAP_EHS,2024-10-15
2585,112,2024-09,WASTE_TOTAL,71.177,t,M,MANUAL_XLS,2024-10-14
2584,112,2024-09,WATER_WD,4623.17,m3,M,SITE_PORTAL,2024-10-19
2589,112,2024-10,ENERGY_CONS,1003.15,MWh,M,MANUAL_XLS,2024-11-15
2587,112,2024-10,SCOPE1_GHG,223071,kg,M,SAP_EHS,2024-11-09
2588,112,2024-10,SCOPE2_GHG,165457,kg,M,SITE_PORTAL,2024-11-19
2591,112,2024-10,WASTE_TOTAL,71.094,t,M,SITE_PORTAL,2024-11-13
2590,112,2024-10,WATER_WD,5768.19,m3,M,MANUAL_XLS,2024-11-15
2594,112,2024-11,ENERGY_CONS,1179.89,MWh,M,SITE_PORTAL,2024-12-14
2592,112,2024-11,SCOPE1_GHG,260804,kg,M,SITE_PORTAL,2024-12-13
2593,112,2024-11,SCOPE2_GHG,188879,kg,M,SITE_PORTAL,2024-12-13
2596,112,2024-11,WASTE_TOTAL,85.767,t,M,SITE_PORTAL,2024-12-14
2595,112,2024-11,WATER_WD,5817.11,m3,M,SITE_PORTAL,2024-12-17
2599,112,2024-12,ENERGY_CONS,1255.12,MWh,M,MANUAL_XLS,2025-01-09
2602,112,2024-12,HOURS_WORKED,238035,hours,Q,SAP_EHS,2025-01-20
2597,112,2024-12,SCOPE1_GHG,240868,kg,M,SAP_EHS,2025-01-17
2598,112,2024-12,SCOPE2_GHG,179943,kg,M,SITE_PORTAL,2025-01-08
2601,112,2024-12,WASTE_TOTAL,88.988,t,M,SITE_PORTAL,2025-01-20
2600,112,2024-12,WATER_WD,6190.47,m3,M,SITE_PORTAL,2025-01-12
2605,112,2025-01,ENERGY_CONS,1169.47,MWh,M,SAP_EHS,2025-02-13
2603,112,2025-01,SCOPE1_GHG,256199,kg,M,SAP_EHS,2025-02-09
2604,112,2025-01,SCOPE2_GHG,188705,kg,M,SAP_EHS,2025-02-15
2607,112,2025-01,WASTE_TOTAL,82.261,t,M,MANUAL_XLS,2025-02-12
2606,112,2025-01,WATER_WD,5409.62,m3,M,MANUAL_XLS,2025-02-10
2610,112,2025-02,ENERGY_CONS,963.8,MWh,M,SITE_PORTAL,2025-03-14
2608,112,2025-02,SCOPE1_GHG,256093,kg,M,MANUAL_XLS,2025-03-20
2609,112,2025-02,SCOPE2_GHG,172533,kg,M,SITE_PORTAL,2025-03-14
2612,112,2025-02,WASTE_TOTAL,87.113,t,M,SAP_EHS,2025-03-11
2611,112,2025-02,WATER_WD,6024.12,m3,M,SAP_EHS,2025-03-16
2615,112,2025-03,ENERGY_CONS,976.248,MWh,M,MANUAL_XLS,2025-04-15
2618,112,2025-03,HOURS_WORKED,223703,hours,Q,SAP_EHS,2025-04-14
2613,112,2025-03,SCOPE1_GHG,237282,kg,M,SITE_PORTAL,2025-04-13
2614,112,2025-03,SCOPE2_GHG,153387,kg,M,MANUAL_XLS,2025-04-17
2617,112,2025-03,WASTE_TOTAL,78.684,t,M,MANUAL_XLS,2025-04-10
2616,112,2025-03,WATER_WD,4731.17,m3,M,SAP_EHS,2025-04-14
2621,112,2025-04,ENERGY_CONS,962.113,MWh,M,MANUAL_XLS,2025-05-16
2619,112,2025-04,SCOPE1_GHG,199334,kg,M,SITE_PORTAL,2025-05-15
2620,112,2025-04,SCOPE2_GHG,139122,kg,M,SAP_EHS,2025-05-10
2623,112,2025-04,WASTE_TOTAL,66.294,t,M,SITE_PORTAL,2025-05-16
2622,112,2025-04,WATER_WD,4718.23,m3,M,SAP_EHS,2025-05-10
2626,112,2025-05,ENERGY_CONS,879.066,MWh,M,SAP_EHS,2025-06-20
2624,112,2025-05,SCOPE1_GHG,214858,kg,M,SITE_PORTAL,2025-06-11
2625,112,2025-05,SCOPE2_GHG,139115,kg,M,MANUAL_XLS,2025-06-08
2628,112,2025-05,WASTE_TOTAL,67.035,t,M,SITE_PORTAL,2025-06-14
2627,112,2025-05,WATER_WD,4660.68,m3,M,MANUAL_XLS,2025-06-09
2631,112,2025-06,ENERGY_CONS,808.272,MWh,M,MANUAL_XLS,2025-07-10
2634,112,2025-06,HOURS_WORKED,229288,hours,Q,SAP_EHS,2025-07-17
2629,112,2025-06,SCOPE1_GHG,207203,kg,M,SAP_EHS,2025-07-20
2630,112,2025-06,SCOPE2_GHG,149075,kg,M,SITE_PORTAL,2025-07-14
2633,112,2025-06,WASTE_TOTAL,63.345,t,M,MANUAL_XLS,2025-07-18
2632,112,2025-06,WATER_WD,4510.79,m3,M,SAP_EHS,2025-07-12
2637,112,2025-07,ENERGY_CONS,764.156,MWh,M,SITE_PORTAL,2025-08-15
2635,112,2025-07,SCOPE1_GHG,202066,kg,M,SITE_PORTAL,2025-08-12
2636,112,2025-07,SCOPE2_GHG,142824,kg,M,SAP_EHS,2025-08-09
2639,112,2025-07,WASTE_TOTAL,56.995,t,M,MANUAL_XLS,2025-08-08
2638,112,2025-07,WATER_WD,4665.44,m3,M,SITE_PORTAL,2025-08-19
2642,112,2025-08,ENERGY_CONS,736.245,MWh,M,MANUAL_XLS,2025-09-13
2640,112,2025-08,SCOPE1_GHG,172318,kg,M,SITE_PORTAL,2025-09-12
2641,112,2025-08,SCOPE2_GHG,137868,kg,M,SITE_PORTAL,2025-09-14
2644,112,2025-08,WASTE_TOTAL,55.508,t,M,SAP_EHS,2025-09-16
2643,112,2025-08,WATER_WD,3834.9,m3,M,SAP_EHS,2025-09-17
2647,112,2025-09,ENERGY_CONS,865.12,MWh,M,SITE_PORTAL,2025-10-09
2650,112,2025-09,HOURS_WORKED,244921,hours,Q,SAP_EHS,2025-10-14
2645,112,2025-09,SCOPE1_GHG,192191,kg,M,SAP_EHS,2025-10-18
2646,112,2025-09,SCOPE2_GHG,138634,kg,M,SITE_PORTAL,2025-10-14
2649,112,2025-09,WASTE_TOTAL,67.709,t,M,SITE_PORTAL,2025-10-16
2648,112,2025-09,WATER_WD,4907.81,m3,M,SITE_PORTAL,2025-10-18
2653,112,2025-10,ENERGY_CONS,1027.57,MWh,M,MANUAL_XLS,2025-11-17
2651,112,2025-10,SCOPE1_GHG,210459,kg,M,SAP_EHS,2025-11-12
2652,112,2025-10,SCOPE2_GHG,163418,kg,M,SITE_PORTAL,2025-11-13
2655,112,2025-10,WASTE_TOTAL,65.959,t,M,MANUAL_XLS,2025-11-08
2654,112,2025-10,WATER_WD,4785.12,m3,M,SAP_EHS,2025-11-16
2658,112,2025-11,ENERGY_CONS,1124.26,MWh,M,SAP_EHS,2025-12-08
2656,112,2025-11,SCOPE1_GHG,218412,kg,M,MANUAL_XLS,2025-12-16
2657,112,2025-11,SCOPE2_GHG,170434,kg,M,SAP_EHS,2025-12-16
2660,112,2025-11,WASTE_TOTAL,75.544,t,M,MANUAL_XLS,2025-12-14
2659,112,2025-11,WATER_WD,5276.08,m3,M,MANUAL_XLS,2025-12-10
2663,112,2025-12,ENERGY_CONS,1023.37,MWh,M,MANUAL_XLS,2026-01-20
2666,112,2025-12,HOURS_WORKED,224588,hours,Q,SAP_EHS,2026-01-15
2661,112,2025-12,SCOPE1_GHG,247836,kg,M,SAP_EHS,2026-01-18
2662,112,2025-12,SCOPE2_GHG,176058,kg,M,SITE_PORTAL,2026-01-17
2665,112,2025-12,WASTE_TOTAL,82.381,t,M,MANUAL_XLS,2026-01-09
2664,112,2025-12,WATER_WD,5637.51,m3,M,SITE_PORTAL,2026-01-13
2677,9001,2025-04,ENERGY_CONS,1743.65,MWh,M,MANUAL_XLS,2025-05-12
2678,9001,2025-05,ENERGY_CONS,970.265,MWh,M,MANUAL_XLS,2025-06-12
2679,9002,2024-11,SCOPE1_GHG,1542.13,t,M,MANUAL_XLS,2024-12-12
2680,9002,2024-11,WATER_WD,751.052,m3,M,MANUAL_XLS,2024-12-12
